gap_id,start,end,hours,gap_class,inserted_rows
581,2020-10-16 01:00:00+00:00,2020-12-24 00:00:00+00:00,1656,very_long_gt_7d,0
657,2021-12-21 09:00:00+00:00,2022-01-24 13:00:00+00:00,821,very_long_gt_7d,0
645,2021-09-05 11:00:00+00:00,2021-09-24 10:00:00+00:00,456,very_long_gt_7d,0
639,2021-07-10 19:00:00+00:00,2021-07-21 07:00:00+00:00,253,very_long_gt_7d,0
661,2022-02-02 11:00:00+00:00,2022-02-10 15:00:00+00:00,197,very_long_gt_7d,0
375,2019-07-29 10:00:00+00:00,2019-08-06 12:00:00+00:00,195,very_long_gt_7d,0
183,2018-07-17 10:00:00+00:00,2018-07-24 13:00:00+00:00,172,very_long_gt_7d,0
669,2022-02-25 22:00:00+00:00,2022-03-04 10:00:00+00:00,157,long_25_168h,0
167,2018-05-18 12:00:00+00:00,2018-05-24 09:00:00+00:00,142,long_25_168h,0
107,2017-11-10 14:00:00+00:00,2017-11-15 21:00:00+00:00,128,long_25_168h,0
357,2019-06-30 12:00:00+00:00,2019-07-05 13:00:00+00:00,122,long_25_168h,0
173,2018-06-17 23:00:00+00:00,2018-06-22 21:00:00+00:00,119,long_25_168h,0
723,2022-11-14 09:00:00+00:00,2022-11-18 15:00:00+00:00,103,long_25_168h,0
303,2019-05-09 11:00:00+00:00,2019-05-13 09:00:00+00:00,95,long_25_168h,0
757,2023-04-21 08:00:00+00:00,2023-04-24 16:00:00+00:00,81,long_25_168h,0
775,2023-07-24 08:00:00+00:00,2023-07-27 15:00:00+00:00,80,long_25_168h,0
795,2023-10-02 11:00:00+00:00,2023-10-05 18:00:00+00:00,80,long_25_168h,0
985,2025-01-28 07:00:00+00:00,2025-01-31 14:00:00+00:00,80,long_25_168h,0
837,2024-01-26 12:00:00+00:00,2024-01-29 18:00:00+00:00,79,long_25_168h,0
737,2023-01-17 11:00:00+00:00,2023-01-20 16:00:00+00:00,78,long_25_168h,0
61,2016-11-25 18:00:00+00:00,2016-11-28 22:00:00+00:00,77,long_25_168h,0
129,2018-01-16 12:00:00+00:00,2018-01-19 15:00:00+00:00,76,long_25_168h,0
905,2024-08-13 12:00:00+00:00,2024-08-16 15:00:00+00:00,76,long_25_168h,0
1057,2025-07-15 08:00:00+00:00,2025-07-18 11:00:00+00:00,76,long_25_168h,0
691,2022-07-18 07:00:00+00:00,2022-07-21 09:00:00+00:00,75,long_25_168h,0
681,2022-05-20 14:00:00+00:00,2022-05-23 13:00:00+00:00,72,long_25_168h,0
879,2024-05-28 13:00:00+00:00,2024-05-31 12:00:00+00:00,72,long_25_168h,0
95,2017-07-30 16:00:00+00:00,2017-08-02 11:00:00+00:00,68,long_25_168h,0
111,2017-12-03 23:00:00+00:00,2017-12-06 17:00:00+00:00,67,long_25_168h,0
747,2023-03-11 02:00:00+00:00,2023-03-13 13:00:00+00:00,60,long_25_168h,0
241,2019-02-01 04:00:00+00:00,2019-02-03 12:00:00+00:00,57,long_25_168h,0
941,2024-11-13 06:00:00+00:00,2024-11-15 14:00:00+00:00,57,long_25_168h,0
35,2016-07-27 10:00:00+00:00,2016-07-29 17:00:00+00:00,56,long_25_168h,0
637,2021-06-17 20:00:00+00:00,2021-06-20 03:00:00+00:00,56,long_25_168h,0
161,2018-05-06 11:00:00+00:00,2018-05-08 17:00:00+00:00,55,long_25_168h,0
579,2020-10-05 10:00:00+00:00,2020-10-07 15:00:00+00:00,54,long_25_168h,0
453,2020-01-27 11:00:00+00:00,2020-01-29 14:00:00+00:00,52,long_25_168h,0
575,2020-07-28 12:00:00+00:00,2020-07-30 15:00:00+00:00,52,long_25_168h,0
9,2016-01-27 12:00:00+00:00,2016-01-29 14:00:00+00:00,51,long_25_168h,0
181,2018-07-11 11:00:00+00:00,2018-07-13 13:00:00+00:00,51,long_25_168h,0
641,2021-07-26 09:00:00+00:00,2021-07-28 11:00:00+00:00,51,long_25_168h,0
201,2018-09-22 19:00:00+00:00,2018-09-24 20:00:00+00:00,50,long_25_168h,0
647,2021-10-13 11:00:00+00:00,2021-10-15 12:00:00+00:00,50,long_25_168h,0
659,2022-01-26 10:00:00+00:00,2022-01-28 10:00:00+00:00,49,long_25_168h,0
833,2024-01-16 13:00:00+00:00,2024-01-18 13:00:00+00:00,49,long_25_168h,0
21,2016-04-14 12:00:00+00:00,2016-04-16 09:00:00+00:00,46,long_25_168h,0
359,2019-07-07 06:00:00+00:00,2019-07-08 21:00:00+00:00,40,long_25_168h,0
609,2021-04-06 11:00:00+00:00,2021-04-07 23:00:00+00:00,37,long_25_168h,0
171,2018-06-07 06:00:00+00:00,2018-06-08 16:00:00+00:00,35,long_25_168h,0
71,2017-02-02 10:00:00+00:00,2017-02-03 15:00:00+00:00,30,long_25_168h,0
151,2018-03-21 15:00:00+00:00,2018-03-22 20:00:00+00:00,30,long_25_168h,0
145,2018-03-08 14:00:00+00:00,2018-03-09 18:00:00+00:00,29,long_25_168h,0
419,2019-10-22 10:00:00+00:00,2019-10-23 13:00:00+00:00,28,long_25_168h,0
783,2023-08-21 12:00:00+00:00,2023-08-22 15:00:00+00:00,28,long_25_168h,0
63,2016-12-14 12:00:00+00:00,2016-12-15 14:00:00+00:00,27,long_25_168h,0
239,2019-01-22 13:00:00+00:00,2019-01-23 15:00:00+00:00,27,long_25_168h,0
243,2019-02-04 20:00:00+00:00,2019-02-05 22:00:00+00:00,27,long_25_168h,0
595,2021-01-26 11:00:00+00:00,2021-01-27 13:00:00+00:00,27,long_25_168h,0
921,2024-09-17 10:00:00+00:00,2024-09-18 12:00:00+00:00,27,long_25_168h,0
587,2021-01-14 03:00:00+00:00,2021-01-15 04:00:00+00:00,26,long_25_168h,0
23,2016-04-22 16:00:00+00:00,2016-04-23 16:00:00+00:00,25,long_25_168h,0
577,2020-08-23 12:00:00+00:00,2020-08-24 12:00:00+00:00,25,long_25_168h,0
805,2023-10-31 12:00:00+00:00,2023-11-01 12:00:00+00:00,25,long_25_168h,0
877,2024-05-22 14:00:00+00:00,2024-05-23 14:00:00+00:00,25,long_25_168h,0
381,2019-08-26 21:00:00+00:00,2019-08-27 20:00:00+00:00,24,medium_4_24h,0
885,2024-06-11 12:00:00+00:00,2024-06-12 11:00:00+00:00,24,medium_4_24h,0
209,2018-10-14 19:00:00+00:00,2018-10-15 17:00:00+00:00,23,medium_4_24h,0
583,2020-12-27 01:00:00+00:00,2020-12-27 22:00:00+00:00,22,medium_4_24h,0
651,2021-11-24 13:00:00+00:00,2021-11-25 10:00:00+00:00,22,medium_4_24h,0
349,2019-06-10 20:00:00+00:00,2019-06-11 16:00:00+00:00,21,medium_4_24h,0
383,2019-09-04 06:00:00+00:00,2019-09-05 02:00:00+00:00,21,medium_4_24h,0
175,2018-06-25 20:00:00+00:00,2018-06-26 14:00:00+00:00,19,medium_4_24h,0
191,2018-08-09 14:00:00+00:00,2018-08-10 06:00:00+00:00,17,medium_4_24h,0
733,2023-01-10 01:00:00+00:00,2023-01-10 17:00:00+00:00,17,medium_4_24h,0
143,2018-03-07 02:00:00+00:00,2018-03-07 16:00:00+00:00,15,medium_4_24h,0
333,2019-06-01 20:00:00+00:00,2019-06-02 10:00:00+00:00,15,medium_4_24h,0
695,2022-08-08 19:00:00+00:00,2022-08-09 09:00:00+00:00,15,medium_4_24h,0
155,2018-04-09 01:00:00+00:00,2018-04-09 14:00:00+00:00,14,medium_4_24h,0
811,2023-11-07 23:00:00+00:00,2023-11-08 11:00:00+00:00,13,medium_4_24h,0
199,2018-09-12 07:00:00+00:00,2018-09-12 18:00:00+00:00,12,medium_4_24h,0
367,2019-07-27 09:00:00+00:00,2019-07-27 20:00:00+00:00,12,medium_4_24h,0
715,2022-10-25 02:00:00+00:00,2022-10-25 13:00:00+00:00,12,medium_4_24h,0
15,2016-03-09 11:00:00+00:00,2016-03-09 21:00:00+00:00,11,medium_4_24h,0
585,2021-01-04 08:00:00+00:00,2021-01-04 18:00:00+00:00,11,medium_4_24h,0
1105,2025-09-16 08:00:00+00:00,2025-09-16 18:00:00+00:00,11,medium_4_24h,0
1109,2025-09-17 23:00:00+00:00,2025-09-18 08:00:00+00:00,10,medium_4_24h,0
415,2019-10-13 05:00:00+00:00,2019-10-13 13:00:00+00:00,9,medium_4_24h,0
253,2019-03-07 09:00:00+00:00,2019-03-07 16:00:00+00:00,8,medium_4_24h,0
407,2019-10-06 06:00:00+00:00,2019-10-06 13:00:00+00:00,8,medium_4_24h,0
49,2016-09-14 12:00:00+00:00,2016-09-14 18:00:00+00:00,7,medium_4_24h,0
57,2016-11-02 11:00:00+00:00,2016-11-02 17:00:00+00:00,7,medium_4_24h,0
59,2016-11-20 08:00:00+00:00,2016-11-20 14:00:00+00:00,7,medium_4_24h,0
101,2017-10-11 09:00:00+00:00,2017-10-11 15:00:00+00:00,7,medium_4_24h,0
31,2016-06-20 11:00:00+00:00,2016-06-20 16:00:00+00:00,6,medium_4_24h,0
205,2018-10-06 16:00:00+00:00,2018-10-06 21:00:00+00:00,6,medium_4_24h,0
305,2019-05-16 15:00:00+00:00,2019-05-16 20:00:00+00:00,6,medium_4_24h,0
339,2019-06-02 18:00:00+00:00,2019-06-02 23:00:00+00:00,6,medium_4_24h,0
597,2021-02-18 13:00:00+00:00,2021-02-18 18:00:00+00:00,6,medium_4_24h,0
781,2023-08-16 04:00:00+00:00,2023-08-16 09:00:00+00:00,6,medium_4_24h,0
341,2019-06-04 17:00:00+00:00,2019-06-04 21:00:00+00:00,5,medium_4_24h,0
351,2019-06-25 08:00:00+00:00,2019-06-25 12:00:00+00:00,5,medium_4_24h,0
561,2020-07-01 12:00:00+00:00,2020-07-01 16:00:00+00:00,5,medium_4_24h,0
25,2016-05-11 03:00:00+00:00,2016-05-11 06:00:00+00:00,4,medium_4_24h,0
211,2018-12-09 03:00:00+00:00,2018-12-09 06:00:00+00:00,4,medium_4_24h,0
235,2019-01-02 09:00:00+00:00,2019-01-02 12:00:00+00:00,4,medium_4_24h,0
245,2019-02-14 11:00:00+00:00,2019-02-14 14:00:00+00:00,4,medium_4_24h,0
479,2020-02-16 00:00:00+00:00,2020-02-16 03:00:00+00:00,4,medium_4_24h,0
537,2020-04-16 10:00:00+00:00,2020-04-16 13:00:00+00:00,4,medium_4_24h,0
817,2023-12-05 13:00:00+00:00,2023-12-05 16:00:00+00:00,4,medium_4_24h,0
831,2024-01-08 10:00:00+00:00,2024-01-08 13:00:00+00:00,4,medium_4_24h,0
953,2024-12-05 05:00:00+00:00,2024-12-05 08:00:00+00:00,4,medium_4_24h,0
1065,2025-07-22 11:00:00+00:00,2025-07-22 14:00:00+00:00,4,medium_4_24h,0
1127,2025-09-23 21:00:00+00:00,2025-09-24 00:00:00+00:00,4,medium_4_24h,0
5,2016-01-22 10:00:00+00:00,2016-01-22 12:00:00+00:00,3,short_1_3h,0
11,2016-02-01 23:00:00+00:00,2016-02-02 01:00:00+00:00,3,short_1_3h,0
27,2016-06-09 11:00:00+00:00,2016-06-09 13:00:00+00:00,3,short_1_3h,0
33,2016-06-28 09:00:00+00:00,2016-06-28 11:00:00+00:00,3,short_1_3h,0
67,2017-01-17 11:00:00+00:00,2017-01-17 13:00:00+00:00,3,short_1_3h,0
69,2017-01-25 15:00:00+00:00,2017-01-25 17:00:00+00:00,3,short_1_3h,0
93,2017-07-27 12:00:00+00:00,2017-07-27 14:00:00+00:00,3,short_1_3h,0
203,2018-09-27 11:00:00+00:00,2018-09-27 13:00:00+00:00,3,short_1_3h,0
223,2018-12-13 13:00:00+00:00,2018-12-13 15:00:00+00:00,3,short_1_3h,0
229,2018-12-15 19:00:00+00:00,2018-12-15 21:00:00+00:00,3,short_1_3h,0
269,2019-04-14 17:00:00+00:00,2019-04-14 19:00:00+00:00,3,short_1_3h,0
271,2019-04-21 18:00:00+00:00,2019-04-21 20:00:00+00:00,3,short_1_3h,0
319,2019-05-26 15:00:00+00:00,2019-05-26 17:00:00+00:00,3,short_1_3h,0
345,2019-06-05 13:00:00+00:00,2019-06-05 15:00:00+00:00,3,short_1_3h,0
347,2019-06-07 14:00:00+00:00,2019-06-07 16:00:00+00:00,3,short_1_3h,0
433,2019-12-15 02:00:00+00:00,2019-12-15 04:00:00+00:00,3,short_1_3h,0
465,2020-02-09 07:00:00+00:00,2020-02-09 09:00:00+00:00,3,short_1_3h,0
591,2021-01-19 13:00:00+00:00,2021-01-19 15:00:00+00:00,3,short_1_3h,0
663,2022-02-16 11:00:00+00:00,2022-02-16 13:00:00+00:00,3,short_1_3h,0
693,2022-08-03 09:00:00+00:00,2022-08-03 11:00:00+00:00,3,short_1_3h,0
697,2022-08-10 12:00:00+00:00,2022-08-10 14:00:00+00:00,3,short_1_3h,0
727,2022-12-07 13:00:00+00:00,2022-12-07 15:00:00+00:00,3,short_1_3h,0
751,2023-03-22 12:00:00+00:00,2023-03-22 14:00:00+00:00,3,short_1_3h,0
755,2023-04-12 10:00:00+00:00,2023-04-12 12:00:00+00:00,3,short_1_3h,0
849,2024-03-13 13:00:00+00:00,2024-03-13 15:00:00+00:00,3,short_1_3h,0
915,2024-09-09 03:00:00+00:00,2024-09-09 05:00:00+00:00,3,short_1_3h,0
993,2025-02-19 12:00:00+00:00,2025-02-19 14:00:00+00:00,3,short_1_3h,0
1095,2025-08-27 11:00:00+00:00,2025-08-27 13:00:00+00:00,3,short_1_3h,0
1107,2025-09-17 10:00:00+00:00,2025-09-17 12:00:00+00:00,3,short_1_3h,0
1121,2025-09-21 04:00:00+00:00,2025-09-21 06:00:00+00:00,3,short_1_3h,0
1129,2025-09-24 04:00:00+00:00,2025-09-24 06:00:00+00:00,3,short_1_3h,0
1155,2025-10-25 23:00:00+00:00,2025-10-26 01:00:00+00:00,3,short_1_3h,0
1181,2025-12-03 12:00:00+00:00,2025-12-03 14:00:00+00:00,3,short_1_3h,0
51,2016-09-15 11:00:00+00:00,2016-09-15 12:00:00+00:00,2,short_1_3h,0
77,2017-03-07 22:00:00+00:00,2017-03-07 23:00:00+00:00,2,short_1_3h,0
81,2017-03-22 14:00:00+00:00,2017-03-22 15:00:00+00:00,2,short_1_3h,0
87,2017-04-25 08:00:00+00:00,2017-04-25 09:00:00+00:00,2,short_1_3h,0
97,2017-09-20 11:00:00+00:00,2017-09-20 12:00:00+00:00,2,short_1_3h,0
109,2017-11-29 15:00:00+00:00,2017-11-29 16:00:00+00:00,2,short_1_3h,0
115,2017-12-17 02:00:00+00:00,2017-12-17 03:00:00+00:00,2,short_1_3h,0
137,2018-02-22 21:00:00+00:00,2018-02-22 22:00:00+00:00,2,short_1_3h,0
153,2018-04-02 01:00:00+00:00,2018-04-02 02:00:00+00:00,2,short_1_3h,0
157,2018-04-19 12:00:00+00:00,2018-04-19 13:00:00+00:00,2,short_1_3h,0
217,2018-12-11 11:00:00+00:00,2018-12-11 12:00:00+00:00,2,short_1_3h,0
247,2019-02-25 17:00:00+00:00,2019-02-25 18:00:00+00:00,2,short_1_3h,0
249,2019-02-25 20:00:00+00:00,2019-02-25 21:00:00+00:00,2,short_1_3h,0
263,2019-04-13 16:00:00+00:00,2019-04-13 17:00:00+00:00,2,short_1_3h,0
265,2019-04-13 20:00:00+00:00,2019-04-13 21:00:00+00:00,2,short_1_3h,0
267,2019-04-14 14:00:00+00:00,2019-04-14 15:00:00+00:00,2,short_1_3h,0
283,2019-05-04 12:00:00+00:00,2019-05-04 13:00:00+00:00,2,short_1_3h,0
285,2019-05-04 17:00:00+00:00,2019-05-04 18:00:00+00:00,2,short_1_3h,0
289,2019-05-05 17:00:00+00:00,2019-05-05 18:00:00+00:00,2,short_1_3h,0
301,2019-05-07 19:00:00+00:00,2019-05-07 20:00:00+00:00,2,short_1_3h,0
311,2019-05-22 14:00:00+00:00,2019-05-22 15:00:00+00:00,2,short_1_3h,0
329,2019-05-31 19:00:00+00:00,2019-05-31 20:00:00+00:00,2,short_1_3h,0
363,2019-07-17 10:00:00+00:00,2019-07-17 11:00:00+00:00,2,short_1_3h,0
373,2019-07-28 11:00:00+00:00,2019-07-28 12:00:00+00:00,2,short_1_3h,0
429,2019-12-13 03:00:00+00:00,2019-12-13 04:00:00+00:00,2,short_1_3h,0
449,2020-01-15 04:00:00+00:00,2020-01-15 05:00:00+00:00,2,short_1_3h,0
459,2020-02-01 03:00:00+00:00,2020-02-01 04:00:00+00:00,2,short_1_3h,0
467,2020-02-09 14:00:00+00:00,2020-02-09 15:00:00+00:00,2,short_1_3h,0
497,2020-02-23 18:00:00+00:00,2020-02-23 19:00:00+00:00,2,short_1_3h,0
509,2020-03-02 04:00:00+00:00,2020-03-02 05:00:00+00:00,2,short_1_3h,0
517,2020-03-11 03:00:00+00:00,2020-03-11 04:00:00+00:00,2,short_1_3h,0
545,2020-05-10 16:00:00+00:00,2020-05-10 17:00:00+00:00,2,short_1_3h,0
553,2020-06-05 14:00:00+00:00,2020-06-05 15:00:00+00:00,2,short_1_3h,0
557,2020-06-29 13:00:00+00:00,2020-06-29 14:00:00+00:00,2,short_1_3h,0
569,2020-07-10 04:00:00+00:00,2020-07-10 05:00:00+00:00,2,short_1_3h,0
593,2021-01-21 00:00:00+00:00,2021-01-21 01:00:00+00:00,2,short_1_3h,0
623,2021-04-29 11:00:00+00:00,2021-04-29 12:00:00+00:00,2,short_1_3h,0
631,2021-05-12 11:00:00+00:00,2021-05-12 12:00:00+00:00,2,short_1_3h,0
643,2021-08-18 09:00:00+00:00,2021-08-18 10:00:00+00:00,2,short_1_3h,0
671,2022-03-16 10:00:00+00:00,2022-03-16 11:00:00+00:00,2,short_1_3h,0
675,2022-04-13 11:00:00+00:00,2022-04-13 12:00:00+00:00,2,short_1_3h,0
679,2022-05-11 11:00:00+00:00,2022-05-11 12:00:00+00:00,2,short_1_3h,0
689,2022-07-06 10:00:00+00:00,2022-07-06 11:00:00+00:00,2,short_1_3h,0
699,2022-08-17 11:00:00+00:00,2022-08-17 12:00:00+00:00,2,short_1_3h,0
705,2022-09-14 10:00:00+00:00,2022-09-14 11:00:00+00:00,2,short_1_3h,0
709,2022-09-28 12:00:00+00:00,2022-09-28 13:00:00+00:00,2,short_1_3h,0
711,2022-10-06 12:00:00+00:00,2022-10-06 13:00:00+00:00,2,short_1_3h,0
713,2022-10-12 12:00:00+00:00,2022-10-12 13:00:00+00:00,2,short_1_3h,0
717,2022-10-26 11:00:00+00:00,2022-10-26 12:00:00+00:00,2,short_1_3h,0
729,2022-12-21 11:00:00+00:00,2022-12-21 12:00:00+00:00,2,short_1_3h,0
749,2023-03-15 12:00:00+00:00,2023-03-15 13:00:00+00:00,2,short_1_3h,0
753,2023-03-29 08:00:00+00:00,2023-03-29 09:00:00+00:00,2,short_1_3h,0
759,2023-04-26 09:00:00+00:00,2023-04-26 10:00:00+00:00,2,short_1_3h,0
763,2023-05-24 15:00:00+00:00,2023-05-24 16:00:00+00:00,2,short_1_3h,0
765,2023-05-31 14:00:00+00:00,2023-05-31 15:00:00+00:00,2,short_1_3h,0
767,2023-06-07 08:00:00+00:00,2023-06-07 09:00:00+00:00,2,short_1_3h,0
771,2023-07-05 11:00:00+00:00,2023-07-05 12:00:00+00:00,2,short_1_3h,0
779,2023-08-02 12:00:00+00:00,2023-08-02 13:00:00+00:00,2,short_1_3h,0
785,2023-08-23 11:00:00+00:00,2023-08-23 12:00:00+00:00,2,short_1_3h,0
789,2023-09-13 16:00:00+00:00,2023-09-13 17:00:00+00:00,2,short_1_3h,0
803,2023-10-25 17:00:00+00:00,2023-10-25 18:00:00+00:00,2,short_1_3h,0
813,2023-11-13 15:00:00+00:00,2023-11-13 16:00:00+00:00,2,short_1_3h,0
815,2023-11-22 10:00:00+00:00,2023-11-22 11:00:00+00:00,2,short_1_3h,0
845,2024-02-28 11:00:00+00:00,2024-02-28 12:00:00+00:00,2,short_1_3h,0
857,2024-03-27 11:00:00+00:00,2024-03-27 12:00:00+00:00,2,short_1_3h,0
863,2024-04-15 04:00:00+00:00,2024-04-15 05:00:00+00:00,2,short_1_3h,0
873,2024-04-28 09:00:00+00:00,2024-04-28 10:00:00+00:00,2,short_1_3h,0
883,2024-06-05 13:00:00+00:00,2024-06-05 14:00:00+00:00,2,short_1_3h,0
893,2024-07-01 01:00:00+00:00,2024-07-01 02:00:00+00:00,2,short_1_3h,0
909,2024-08-28 11:00:00+00:00,2024-08-28 12:00:00+00:00,2,short_1_3h,0
911,2024-09-03 04:00:00+00:00,2024-09-03 05:00:00+00:00,2,short_1_3h,0
935,2024-10-23 13:00:00+00:00,2024-10-23 14:00:00+00:00,2,short_1_3h,0
939,2024-11-06 13:00:00+00:00,2024-11-06 14:00:00+00:00,2,short_1_3h,0
947,2024-11-20 11:00:00+00:00,2024-11-20 12:00:00+00:00,2,short_1_3h,0
949,2024-12-02 05:00:00+00:00,2024-12-02 06:00:00+00:00,2,short_1_3h,0
963,2024-12-18 13:00:00+00:00,2024-12-18 14:00:00+00:00,2,short_1_3h,0
965,2025-01-01 13:00:00+00:00,2025-01-01 14:00:00+00:00,2,short_1_3h,0
975,2025-01-05 23:00:00+00:00,2025-01-06 00:00:00+00:00,2,short_1_3h,0
977,2025-01-06 06:00:00+00:00,2025-01-06 07:00:00+00:00,2,short_1_3h,0
991,2025-02-18 11:00:00+00:00,2025-02-18 12:00:00+00:00,2,short_1_3h,0
997,2025-03-12 13:00:00+00:00,2025-03-12 14:00:00+00:00,2,short_1_3h,0
1009,2025-04-25 14:00:00+00:00,2025-04-25 15:00:00+00:00,2,short_1_3h,0
1015,2025-05-07 13:00:00+00:00,2025-05-07 14:00:00+00:00,2,short_1_3h,0
1017,2025-05-07 20:00:00+00:00,2025-05-07 21:00:00+00:00,2,short_1_3h,0
1033,2025-06-18 12:00:00+00:00,2025-06-18 13:00:00+00:00,2,short_1_3h,0
1039,2025-07-02 15:00:00+00:00,2025-07-02 16:00:00+00:00,2,short_1_3h,0
1041,2025-07-02 19:00:00+00:00,2025-07-02 20:00:00+00:00,2,short_1_3h,0
1043,2025-07-03 00:00:00+00:00,2025-07-03 01:00:00+00:00,2,short_1_3h,0
1059,2025-07-19 02:00:00+00:00,2025-07-19 03:00:00+00:00,2,short_1_3h,0
1067,2025-07-26 16:00:00+00:00,2025-07-26 17:00:00+00:00,2,short_1_3h,0
1085,2025-08-18 12:00:00+00:00,2025-08-18 13:00:00+00:00,2,short_1_3h,0
1099,2025-09-03 04:00:00+00:00,2025-09-03 05:00:00+00:00,2,short_1_3h,0
1103,2025-09-10 12:00:00+00:00,2025-09-10 13:00:00+00:00,2,short_1_3h,0
1113,2025-09-19 04:00:00+00:00,2025-09-19 05:00:00+00:00,2,short_1_3h,0
1123,2025-09-22 03:00:00+00:00,2025-09-22 04:00:00+00:00,2,short_1_3h,0
1125,2025-09-23 12:00:00+00:00,2025-09-23 13:00:00+00:00,2,short_1_3h,0
1143,2025-10-14 09:00:00+00:00,2025-10-14 10:00:00+00:00,2,short_1_3h,0
1147,2025-10-16 07:00:00+00:00,2025-10-16 08:00:00+00:00,2,short_1_3h,0
1151,2025-10-22 14:00:00+00:00,2025-10-22 15:00:00+00:00,2,short_1_3h,0
1153,2025-10-23 03:00:00+00:00,2025-10-23 04:00:00+00:00,2,short_1_3h,0
1167,2025-11-14 13:00:00+00:00,2025-11-14 14:00:00+00:00,2,short_1_3h,0
1175,2025-11-23 09:00:00+00:00,2025-11-23 10:00:00+00:00,2,short_1_3h,0
1183,2025-12-10 14:00:00+00:00,2025-12-10 15:00:00+00:00,2,short_1_3h,0
1,2016-01-07 03:00:00+00:00,2016-01-07 03:00:00+00:00,1,short_1_3h,0
3,2016-01-13 00:00:00+00:00,2016-01-13 00:00:00+00:00,1,short_1_3h,0
7,2016-01-27 05:00:00+00:00,2016-01-27 05:00:00+00:00,1,short_1_3h,0
13,2016-03-03 05:00:00+00:00,2016-03-03 05:00:00+00:00,1,short_1_3h,0
17,2016-03-17 13:00:00+00:00,2016-03-17 13:00:00+00:00,1,short_1_3h,0
19,2016-04-09 10:00:00+00:00,2016-04-09 10:00:00+00:00,1,short_1_3h,0
29,2016-06-15 14:00:00+00:00,2016-06-15 14:00:00+00:00,1,short_1_3h,0
37,2016-08-19 02:00:00+00:00,2016-08-19 02:00:00+00:00,1,short_1_3h,0
39,2016-08-24 19:00:00+00:00,2016-08-24 19:00:00+00:00,1,short_1_3h,0
41,2016-08-24 21:00:00+00:00,2016-08-24 21:00:00+00:00,1,short_1_3h,0
43,2016-08-26 03:00:00+00:00,2016-08-26 03:00:00+00:00,1,short_1_3h,0
45,2016-08-28 01:00:00+00:00,2016-08-28 01:00:00+00:00,1,short_1_3h,0
47,2016-08-28 18:00:00+00:00,2016-08-28 18:00:00+00:00,1,short_1_3h,0
53,2016-10-30 19:00:00+00:00,2016-10-30 19:00:00+00:00,1,short_1_3h,0
55,2016-10-31 16:00:00+00:00,2016-10-31 16:00:00+00:00,1,short_1_3h,0
65,2016-12-26 04:00:00+00:00,2016-12-26 04:00:00+00:00,1,short_1_3h,0
73,2017-02-03 22:00:00+00:00,2017-02-03 22:00:00+00:00,1,short_1_3h,0
75,2017-02-23 06:00:00+00:00,2017-02-23 06:00:00+00:00,1,short_1_3h,0
79,2017-03-17 22:00:00+00:00,2017-03-17 22:00:00+00:00,1,short_1_3h,0
83,2017-03-23 01:00:00+00:00,2017-03-23 01:00:00+00:00,1,short_1_3h,0
85,2017-03-23 06:00:00+00:00,2017-03-23 06:00:00+00:00,1,short_1_3h,0
89,2017-06-22 07:00:00+00:00,2017-06-22 07:00:00+00:00,1,short_1_3h,0
91,2017-06-26 12:00:00+00:00,2017-06-26 12:00:00+00:00,1,short_1_3h,0
99,2017-09-27 11:00:00+00:00,2017-09-27 11:00:00+00:00,1,short_1_3h,0
103,2017-10-16 10:00:00+00:00,2017-10-16 10:00:00+00:00,1,short_1_3h,0
105,2017-10-29 05:00:00+00:00,2017-10-29 05:00:00+00:00,1,short_1_3h,0
113,2017-12-07 16:00:00+00:00,2017-12-07 16:00:00+00:00,1,short_1_3h,0
117,2017-12-26 01:00:00+00:00,2017-12-26 01:00:00+00:00,1,short_1_3h,0
119,2017-12-27 10:00:00+00:00,2017-12-27 10:00:00+00:00,1,short_1_3h,0
121,2017-12-27 12:00:00+00:00,2017-12-27 12:00:00+00:00,1,short_1_3h,0
123,2017-12-30 06:00:00+00:00,2017-12-30 06:00:00+00:00,1,short_1_3h,0
125,2017-12-31 10:00:00+00:00,2017-12-31 10:00:00+00:00,1,short_1_3h,0
127,2018-01-15 15:00:00+00:00,2018-01-15 15:00:00+00:00,1,short_1_3h,0
131,2018-01-31 04:00:00+00:00,2018-01-31 04:00:00+00:00,1,short_1_3h,0
133,2018-02-13 06:00:00+00:00,2018-02-13 06:00:00+00:00,1,short_1_3h,0
135,2018-02-20 10:00:00+00:00,2018-02-20 10:00:00+00:00,1,short_1_3h,0
139,2018-02-23 23:00:00+00:00,2018-02-23 23:00:00+00:00,1,short_1_3h,0
141,2018-03-04 09:00:00+00:00,2018-03-04 09:00:00+00:00,1,short_1_3h,0
147,2018-03-18 21:00:00+00:00,2018-03-18 21:00:00+00:00,1,short_1_3h,0
149,2018-03-19 23:00:00+00:00,2018-03-19 23:00:00+00:00,1,short_1_3h,0
159,2018-04-22 15:00:00+00:00,2018-04-22 15:00:00+00:00,1,short_1_3h,0
163,2018-05-09 09:00:00+00:00,2018-05-09 09:00:00+00:00,1,short_1_3h,0
165,2018-05-09 11:00:00+00:00,2018-05-09 11:00:00+00:00,1,short_1_3h,0
169,2018-05-30 13:00:00+00:00,2018-05-30 13:00:00+00:00,1,short_1_3h,0
177,2018-07-05 10:00:00+00:00,2018-07-05 10:00:00+00:00,1,short_1_3h,0
179,2018-07-10 23:00:00+00:00,2018-07-10 23:00:00+00:00,1,short_1_3h,0
185,2018-07-25 09:00:00+00:00,2018-07-25 09:00:00+00:00,1,short_1_3h,0
187,2018-07-25 19:00:00+00:00,2018-07-25 19:00:00+00:00,1,short_1_3h,0
189,2018-08-07 18:00:00+00:00,2018-08-07 18:00:00+00:00,1,short_1_3h,0
193,2018-08-23 14:00:00+00:00,2018-08-23 14:00:00+00:00,1,short_1_3h,0
195,2018-08-24 16:00:00+00:00,2018-08-24 16:00:00+00:00,1,short_1_3h,0
197,2018-09-05 13:00:00+00:00,2018-09-05 13:00:00+00:00,1,short_1_3h,0
207,2018-10-14 17:00:00+00:00,2018-10-14 17:00:00+00:00,1,short_1_3h,0
213,2018-12-10 02:00:00+00:00,2018-12-10 02:00:00+00:00,1,short_1_3h,0
215,2018-12-10 14:00:00+00:00,2018-12-10 14:00:00+00:00,1,short_1_3h,0
219,2018-12-11 19:00:00+00:00,2018-12-11 19:00:00+00:00,1,short_1_3h,0
221,2018-12-13 08:00:00+00:00,2018-12-13 08:00:00+00:00,1,short_1_3h,0
225,2018-12-13 22:00:00+00:00,2018-12-13 22:00:00+00:00,1,short_1_3h,0
227,2018-12-15 16:00:00+00:00,2018-12-15 16:00:00+00:00,1,short_1_3h,0
231,2018-12-16 10:00:00+00:00,2018-12-16 10:00:00+00:00,1,short_1_3h,0
233,2018-12-17 04:00:00+00:00,2018-12-17 04:00:00+00:00,1,short_1_3h,0
237,2019-01-02 17:00:00+00:00,2019-01-02 17:00:00+00:00,1,short_1_3h,0
251,2019-03-04 14:00:00+00:00,2019-03-04 14:00:00+00:00,1,short_1_3h,0
255,2019-04-12 14:00:00+00:00,2019-04-12 14:00:00+00:00,1,short_1_3h,0
257,2019-04-12 19:00:00+00:00,2019-04-12 19:00:00+00:00,1,short_1_3h,0
259,2019-04-12 22:00:00+00:00,2019-04-12 22:00:00+00:00,1,short_1_3h,0
261,2019-04-13 14:00:00+00:00,2019-04-13 14:00:00+00:00,1,short_1_3h,0
273,2019-04-21 22:00:00+00:00,2019-04-21 22:00:00+00:00,1,short_1_3h,0
275,2019-04-22 00:00:00+00:00,2019-04-22 00:00:00+00:00,1,short_1_3h,0
277,2019-04-27 20:00:00+00:00,2019-04-27 20:00:00+00:00,1,short_1_3h,0
279,2019-05-02 16:00:00+00:00,2019-05-02 16:00:00+00:00,1,short_1_3h,0
281,2019-05-03 17:00:00+00:00,2019-05-03 17:00:00+00:00,1,short_1_3h,0
287,2019-05-05 13:00:00+00:00,2019-05-05 13:00:00+00:00,1,short_1_3h,0
291,2019-05-06 01:00:00+00:00,2019-05-06 01:00:00+00:00,1,short_1_3h,0
293,2019-05-06 11:00:00+00:00,2019-05-06 11:00:00+00:00,1,short_1_3h,0
295,2019-05-06 16:00:00+00:00,2019-05-06 16:00:00+00:00,1,short_1_3h,0
297,2019-05-06 18:00:00+00:00,2019-05-06 18:00:00+00:00,1,short_1_3h,0
299,2019-05-07 16:00:00+00:00,2019-05-07 16:00:00+00:00,1,short_1_3h,0
307,2019-05-18 17:00:00+00:00,2019-05-18 17:00:00+00:00,1,short_1_3h,0
309,2019-05-21 15:00:00+00:00,2019-05-21 15:00:00+00:00,1,short_1_3h,0
313,2019-05-23 15:00:00+00:00,2019-05-23 15:00:00+00:00,1,short_1_3h,0
315,2019-05-23 20:00:00+00:00,2019-05-23 20:00:00+00:00,1,short_1_3h,0
317,2019-05-24 20:00:00+00:00,2019-05-24 20:00:00+00:00,1,short_1_3h,0
321,2019-05-28 18:00:00+00:00,2019-05-28 18:00:00+00:00,1,short_1_3h,0
323,2019-05-29 14:00:00+00:00,2019-05-29 14:00:00+00:00,1,short_1_3h,0
325,2019-05-30 15:00:00+00:00,2019-05-30 15:00:00+00:00,1,short_1_3h,0
327,2019-05-31 17:00:00+00:00,2019-05-31 17:00:00+00:00,1,short_1_3h,0
331,2019-06-01 16:00:00+00:00,2019-06-01 16:00:00+00:00,1,short_1_3h,0
335,2019-06-02 12:00:00+00:00,2019-06-02 12:00:00+00:00,1,short_1_3h,0
337,2019-06-02 15:00:00+00:00,2019-06-02 15:00:00+00:00,1,short_1_3h,0
343,2019-06-05 10:00:00+00:00,2019-06-05 10:00:00+00:00,1,short_1_3h,0
353,2019-06-26 14:00:00+00:00,2019-06-26 14:00:00+00:00,1,short_1_3h,0
355,2019-06-27 00:00:00+00:00,2019-06-27 00:00:00+00:00,1,short_1_3h,0
361,2019-07-15 04:00:00+00:00,2019-07-15 04:00:00+00:00,1,short_1_3h,0
365,2019-07-27 07:00:00+00:00,2019-07-27 07:00:00+00:00,1,short_1_3h,0
369,2019-07-28 07:00:00+00:00,2019-07-28 07:00:00+00:00,1,short_1_3h,0
371,2019-07-28 09:00:00+00:00,2019-07-28 09:00:00+00:00,1,short_1_3h,0
377,2019-08-13 15:00:00+00:00,2019-08-13 15:00:00+00:00,1,short_1_3h,0
379,2019-08-17 01:00:00+00:00,2019-08-17 01:00:00+00:00,1,short_1_3h,0
385,2019-09-05 07:00:00+00:00,2019-09-05 07:00:00+00:00,1,short_1_3h,0
387,2019-09-05 15:00:00+00:00,2019-09-05 15:00:00+00:00,1,short_1_3h,0
389,2019-09-07 21:00:00+00:00,2019-09-07 21:00:00+00:00,1,short_1_3h,0
391,2019-09-08 00:00:00+00:00,2019-09-08 00:00:00+00:00,1,short_1_3h,0
393,2019-09-13 05:00:00+00:00,2019-09-13 05:00:00+00:00,1,short_1_3h,0
395,2019-09-13 20:00:00+00:00,2019-09-13 20:00:00+00:00,1,short_1_3h,0
397,2019-09-24 04:00:00+00:00,2019-09-24 04:00:00+00:00,1,short_1_3h,0
399,2019-09-29 06:00:00+00:00,2019-09-29 06:00:00+00:00,1,short_1_3h,0
401,2019-09-29 18:00:00+00:00,2019-09-29 18:00:00+00:00,1,short_1_3h,0
403,2019-09-29 20:00:00+00:00,2019-09-29 20:00:00+00:00,1,short_1_3h,0
405,2019-10-02 11:00:00+00:00,2019-10-02 11:00:00+00:00,1,short_1_3h,0
409,2019-10-06 17:00:00+00:00,2019-10-06 17:00:00+00:00,1,short_1_3h,0
411,2019-10-11 11:00:00+00:00,2019-10-11 11:00:00+00:00,1,short_1_3h,0
413,2019-10-12 05:00:00+00:00,2019-10-12 05:00:00+00:00,1,short_1_3h,0
417,2019-10-21 06:00:00+00:00,2019-10-21 06:00:00+00:00,1,short_1_3h,0
421,2019-10-26 21:00:00+00:00,2019-10-26 21:00:00+00:00,1,short_1_3h,0
423,2019-11-11 08:00:00+00:00,2019-11-11 08:00:00+00:00,1,short_1_3h,0
425,2019-11-22 07:00:00+00:00,2019-11-22 07:00:00+00:00,1,short_1_3h,0
427,2019-12-08 05:00:00+00:00,2019-12-08 05:00:00+00:00,1,short_1_3h,0
431,2019-12-14 06:00:00+00:00,2019-12-14 06:00:00+00:00,1,short_1_3h,0
435,2019-12-20 02:00:00+00:00,2019-12-20 02:00:00+00:00,1,short_1_3h,0
437,2019-12-25 03:00:00+00:00,2019-12-25 03:00:00+00:00,1,short_1_3h,0
439,2019-12-25 05:00:00+00:00,2019-12-25 05:00:00+00:00,1,short_1_3h,0
441,2020-01-03 10:00:00+00:00,2020-01-03 10:00:00+00:00,1,short_1_3h,0
443,2020-01-08 05:00:00+00:00,2020-01-08 05:00:00+00:00,1,short_1_3h,0
445,2020-01-09 04:00:00+00:00,2020-01-09 04:00:00+00:00,1,short_1_3h,0
447,2020-01-11 05:00:00+00:00,2020-01-11 05:00:00+00:00,1,short_1_3h,0
451,2020-01-27 07:00:00+00:00,2020-01-27 07:00:00+00:00,1,short_1_3h,0
455,2020-01-31 01:00:00+00:00,2020-01-31 01:00:00+00:00,1,short_1_3h,0
457,2020-01-31 05:00:00+00:00,2020-01-31 05:00:00+00:00,1,short_1_3h,0
461,2020-02-04 09:00:00+00:00,2020-02-04 09:00:00+00:00,1,short_1_3h,0
463,2020-02-09 05:00:00+00:00,2020-02-09 05:00:00+00:00,1,short_1_3h,0
469,2020-02-13 04:00:00+00:00,2020-02-13 04:00:00+00:00,1,short_1_3h,0
471,2020-02-13 18:00:00+00:00,2020-02-13 18:00:00+00:00,1,short_1_3h,0
473,2020-02-15 04:00:00+00:00,2020-02-15 04:00:00+00:00,1,short_1_3h,0
475,2020-02-15 19:00:00+00:00,2020-02-15 19:00:00+00:00,1,short_1_3h,0
477,2020-02-15 22:00:00+00:00,2020-02-15 22:00:00+00:00,1,short_1_3h,0
481,2020-02-16 05:00:00+00:00,2020-02-16 05:00:00+00:00,1,short_1_3h,0
483,2020-02-16 07:00:00+00:00,2020-02-16 07:00:00+00:00,1,short_1_3h,0
485,2020-02-16 09:00:00+00:00,2020-02-16 09:00:00+00:00,1,short_1_3h,0
487,2020-02-16 11:00:00+00:00,2020-02-16 11:00:00+00:00,1,short_1_3h,0
489,2020-02-23 05:00:00+00:00,2020-02-23 05:00:00+00:00,1,short_1_3h,0
491,2020-02-23 07:00:00+00:00,2020-02-23 07:00:00+00:00,1,short_1_3h,0
493,2020-02-23 09:00:00+00:00,2020-02-23 09:00:00+00:00,1,short_1_3h,0
495,2020-02-23 16:00:00+00:00,2020-02-23 16:00:00+00:00,1,short_1_3h,0
499,2020-02-24 02:00:00+00:00,2020-02-24 02:00:00+00:00,1,short_1_3h,0
501,2020-02-24 09:00:00+00:00,2020-02-24 09:00:00+00:00,1,short_1_3h,0
503,2020-02-25 07:00:00+00:00,2020-02-25 07:00:00+00:00,1,short_1_3h,0
505,2020-02-26 01:00:00+00:00,2020-02-26 01:00:00+00:00,1,short_1_3h,0
507,2020-02-26 05:00:00+00:00,2020-02-26 05:00:00+00:00,1,short_1_3h,0
511,2020-03-10 03:00:00+00:00,2020-03-10 03:00:00+00:00,1,short_1_3h,0
513,2020-03-10 05:00:00+00:00,2020-03-10 05:00:00+00:00,1,short_1_3h,0
515,2020-03-11 01:00:00+00:00,2020-03-11 01:00:00+00:00,1,short_1_3h,0
519,2020-03-11 22:00:00+00:00,2020-03-11 22:00:00+00:00,1,short_1_3h,0
521,2020-03-12 02:00:00+00:00,2020-03-12 02:00:00+00:00,1,short_1_3h,0
523,2020-03-14 07:00:00+00:00,2020-03-14 07:00:00+00:00,1,short_1_3h,0
525,2020-03-15 04:00:00+00:00,2020-03-15 04:00:00+00:00,1,short_1_3h,0
527,2020-03-15 06:00:00+00:00,2020-03-15 06:00:00+00:00,1,short_1_3h,0
529,2020-03-15 10:00:00+00:00,2020-03-15 10:00:00+00:00,1,short_1_3h,0
531,2020-03-20 11:00:00+00:00,2020-03-20 11:00:00+00:00,1,short_1_3h,0
533,2020-03-20 16:00:00+00:00,2020-03-20 16:00:00+00:00,1,short_1_3h,0
535,2020-03-21 13:00:00+00:00,2020-03-21 13:00:00+00:00,1,short_1_3h,0
539,2020-04-30 01:00:00+00:00,2020-04-30 01:00:00+00:00,1,short_1_3h,0
541,2020-04-30 05:00:00+00:00,2020-04-30 05:00:00+00:00,1,short_1_3h,0
543,2020-05-01 02:00:00+00:00,2020-05-01 02:00:00+00:00,1,short_1_3h,0
547,2020-05-23 12:00:00+00:00,2020-05-23 12:00:00+00:00,1,short_1_3h,0
549,2020-06-04 00:00:00+00:00,2020-06-04 00:00:00+00:00,1,short_1_3h,0
551,2020-06-04 12:00:00+00:00,2020-06-04 12:00:00+00:00,1,short_1_3h,0
555,2020-06-29 02:00:00+00:00,2020-06-29 02:00:00+00:00,1,short_1_3h,0
559,2020-06-30 00:00:00+00:00,2020-06-30 00:00:00+00:00,1,short_1_3h,0
563,2020-07-05 08:00:00+00:00,2020-07-05 08:00:00+00:00,1,short_1_3h,0
565,2020-07-08 09:00:00+00:00,2020-07-08 09:00:00+00:00,1,short_1_3h,0
567,2020-07-10 00:00:00+00:00,2020-07-10 00:00:00+00:00,1,short_1_3h,0
571,2020-07-15 20:00:00+00:00,2020-07-15 20:00:00+00:00,1,short_1_3h,0
573,2020-07-20 10:00:00+00:00,2020-07-20 10:00:00+00:00,1,short_1_3h,0
589,2021-01-19 04:00:00+00:00,2021-01-19 04:00:00+00:00,1,short_1_3h,0
599,2021-02-19 10:00:00+00:00,2021-02-19 10:00:00+00:00,1,short_1_3h,0
601,2021-03-14 12:00:00+00:00,2021-03-14 12:00:00+00:00,1,short_1_3h,0
603,2021-03-19 01:00:00+00:00,2021-03-19 01:00:00+00:00,1,short_1_3h,0
605,2021-03-27 04:00:00+00:00,2021-03-27 04:00:00+00:00,1,short_1_3h,0
607,2021-04-02 10:00:00+00:00,2021-04-02 10:00:00+00:00,1,short_1_3h,0
611,2021-04-11 10:00:00+00:00,2021-04-11 10:00:00+00:00,1,short_1_3h,0
613,2021-04-17 01:00:00+00:00,2021-04-17 01:00:00+00:00,1,short_1_3h,0
615,2021-04-17 11:00:00+00:00,2021-04-17 11:00:00+00:00,1,short_1_3h,0
617,2021-04-17 13:00:00+00:00,2021-04-17 13:00:00+00:00,1,short_1_3h,0
619,2021-04-23 03:00:00+00:00,2021-04-23 03:00:00+00:00,1,short_1_3h,0
621,2021-04-24 04:00:00+00:00,2021-04-24 04:00:00+00:00,1,short_1_3h,0
625,2021-04-29 23:00:00+00:00,2021-04-29 23:00:00+00:00,1,short_1_3h,0
627,2021-05-05 14:00:00+00:00,2021-05-05 14:00:00+00:00,1,short_1_3h,0
629,2021-05-08 23:00:00+00:00,2021-05-08 23:00:00+00:00,1,short_1_3h,0
633,2021-06-09 10:00:00+00:00,2021-06-09 10:00:00+00:00,1,short_1_3h,0
635,2021-06-09 15:00:00+00:00,2021-06-09 15:00:00+00:00,1,short_1_3h,0
649,2021-11-22 10:00:00+00:00,2021-11-22 10:00:00+00:00,1,short_1_3h,0
653,2021-11-27 04:00:00+00:00,2021-11-27 04:00:00+00:00,1,short_1_3h,0
655,2021-12-05 12:00:00+00:00,2021-12-05 12:00:00+00:00,1,short_1_3h,0
665,2022-02-18 05:00:00+00:00,2022-02-18 05:00:00+00:00,1,short_1_3h,0
667,2022-02-18 07:00:00+00:00,2022-02-18 07:00:00+00:00,1,short_1_3h,0
673,2022-03-30 14:00:00+00:00,2022-03-30 14:00:00+00:00,1,short_1_3h,0
677,2022-04-27 14:00:00+00:00,2022-04-27 14:00:00+00:00,1,short_1_3h,0
683,2022-05-25 10:00:00+00:00,2022-05-25 10:00:00+00:00,1,short_1_3h,0
685,2022-06-08 09:00:00+00:00,2022-06-08 09:00:00+00:00,1,short_1_3h,0
687,2022-06-22 11:00:00+00:00,2022-06-22 11:00:00+00:00,1,short_1_3h,0
701,2022-08-30 17:00:00+00:00,2022-08-30 17:00:00+00:00,1,short_1_3h,0
703,2022-08-31 10:00:00+00:00,2022-08-31 10:00:00+00:00,1,short_1_3h,0
707,2022-09-24 17:00:00+00:00,2022-09-24 17:00:00+00:00,1,short_1_3h,0
719,2022-11-04 17:00:00+00:00,2022-11-04 17:00:00+00:00,1,short_1_3h,0
721,2022-11-09 12:00:00+00:00,2022-11-09 12:00:00+00:00,1,short_1_3h,0
725,2022-11-23 14:00:00+00:00,2022-11-23 14:00:00+00:00,1,short_1_3h,0
731,2023-01-04 12:00:00+00:00,2023-01-04 12:00:00+00:00,1,short_1_3h,0
735,2023-01-13 02:00:00+00:00,2023-01-13 02:00:00+00:00,1,short_1_3h,0
739,2023-01-23 14:00:00+00:00,2023-01-23 14:00:00+00:00,1,short_1_3h,0
741,2023-02-01 12:00:00+00:00,2023-02-01 12:00:00+00:00,1,short_1_3h,0
743,2023-02-15 11:00:00+00:00,2023-02-15 11:00:00+00:00,1,short_1_3h,0
745,2023-03-01 11:00:00+00:00,2023-03-01 11:00:00+00:00,1,short_1_3h,0
761,2023-05-10 10:00:00+00:00,2023-05-10 10:00:00+00:00,1,short_1_3h,0
769,2023-06-21 16:00:00+00:00,2023-06-21 16:00:00+00:00,1,short_1_3h,0
773,2023-07-19 11:00:00+00:00,2023-07-19 11:00:00+00:00,1,short_1_3h,0
777,2023-08-02 06:00:00+00:00,2023-08-02 06:00:00+00:00,1,short_1_3h,0
787,2023-08-30 09:00:00+00:00,2023-08-30 09:00:00+00:00,1,short_1_3h,0
791,2023-09-23 12:00:00+00:00,2023-09-23 12:00:00+00:00,1,short_1_3h,0
793,2023-09-27 10:00:00+00:00,2023-09-27 10:00:00+00:00,1,short_1_3h,0
797,2023-10-11 10:00:00+00:00,2023-10-11 10:00:00+00:00,1,short_1_3h,0
799,2023-10-12 15:00:00+00:00,2023-10-12 15:00:00+00:00,1,short_1_3h,0
801,2023-10-15 15:00:00+00:00,2023-10-15 15:00:00+00:00,1,short_1_3h,0
807,2023-11-02 02:00:00+00:00,2023-11-02 02:00:00+00:00,1,short_1_3h,0
809,2023-11-04 09:00:00+00:00,2023-11-04 09:00:00+00:00,1,short_1_3h,0
819,2023-12-06 14:00:00+00:00,2023-12-06 14:00:00+00:00,1,short_1_3h,0
821,2023-12-20 11:00:00+00:00,2023-12-20 11:00:00+00:00,1,short_1_3h,0
823,2023-12-21 07:00:00+00:00,2023-12-21 07:00:00+00:00,1,short_1_3h,0
825,2023-12-24 07:00:00+00:00,2023-12-24 07:00:00+00:00,1,short_1_3h,0
827,2023-12-25 04:00:00+00:00,2023-12-25 04:00:00+00:00,1,short_1_3h,0
829,2024-01-03 15:00:00+00:00,2024-01-03 15:00:00+00:00,1,short_1_3h,0
835,2024-01-22 13:00:00+00:00,2024-01-22 13:00:00+00:00,1,short_1_3h,0
839,2024-01-31 15:00:00+00:00,2024-01-31 15:00:00+00:00,1,short_1_3h,0
841,2024-02-12 11:00:00+00:00,2024-02-12 11:00:00+00:00,1,short_1_3h,0
843,2024-02-14 12:00:00+00:00,2024-02-14 12:00:00+00:00,1,short_1_3h,0
847,2024-03-11 11:00:00+00:00,2024-03-11 11:00:00+00:00,1,short_1_3h,0
851,2024-03-19 16:00:00+00:00,2024-03-19 16:00:00+00:00,1,short_1_3h,0
853,2024-03-24 05:00:00+00:00,2024-03-24 05:00:00+00:00,1,short_1_3h,0
855,2024-03-26 12:00:00+00:00,2024-03-26 12:00:00+00:00,1,short_1_3h,0
859,2024-03-30 23:00:00+00:00,2024-03-30 23:00:00+00:00,1,short_1_3h,0
861,2024-04-10 11:00:00+00:00,2024-04-10 11:00:00+00:00,1,short_1_3h,0
865,2024-04-15 17:00:00+00:00,2024-04-15 17:00:00+00:00,1,short_1_3h,0
867,2024-04-17 02:00:00+00:00,2024-04-17 02:00:00+00:00,1,short_1_3h,0
869,2024-04-19 02:00:00+00:00,2024-04-19 02:00:00+00:00,1,short_1_3h,0
871,2024-04-24 10:00:00+00:00,2024-04-24 10:00:00+00:00,1,short_1_3h,0
875,2024-05-16 15:00:00+00:00,2024-05-16 15:00:00+00:00,1,short_1_3h,0
881,2024-06-01 22:00:00+00:00,2024-06-01 22:00:00+00:00,1,short_1_3h,0
887,2024-06-13 07:00:00+00:00,2024-06-13 07:00:00+00:00,1,short_1_3h,0
889,2024-06-19 11:00:00+00:00,2024-06-19 11:00:00+00:00,1,short_1_3h,0
891,2024-06-27 05:00:00+00:00,2024-06-27 05:00:00+00:00,1,short_1_3h,0
895,2024-07-03 12:00:00+00:00,2024-07-03 12:00:00+00:00,1,short_1_3h,0
897,2024-07-09 03:00:00+00:00,2024-07-09 03:00:00+00:00,1,short_1_3h,0
899,2024-07-17 13:00:00+00:00,2024-07-17 13:00:00+00:00,1,short_1_3h,0
901,2024-07-23 12:00:00+00:00,2024-07-23 12:00:00+00:00,1,short_1_3h,0
903,2024-07-31 10:00:00+00:00,2024-07-31 10:00:00+00:00,1,short_1_3h,0
907,2024-08-18 10:00:00+00:00,2024-08-18 10:00:00+00:00,1,short_1_3h,0
913,2024-09-08 16:00:00+00:00,2024-09-08 16:00:00+00:00,1,short_1_3h,0
917,2024-09-11 11:00:00+00:00,2024-09-11 11:00:00+00:00,1,short_1_3h,0
919,2024-09-11 16:00:00+00:00,2024-09-11 16:00:00+00:00,1,short_1_3h,0
923,2024-09-25 07:00:00+00:00,2024-09-25 07:00:00+00:00,1,short_1_3h,0
925,2024-09-25 11:00:00+00:00,2024-09-25 11:00:00+00:00,1,short_1_3h,0
927,2024-10-04 02:00:00+00:00,2024-10-04 02:00:00+00:00,1,short_1_3h,0
929,2024-10-09 11:00:00+00:00,2024-10-09 11:00:00+00:00,1,short_1_3h,0
931,2024-10-09 22:00:00+00:00,2024-10-09 22:00:00+00:00,1,short_1_3h,0
933,2024-10-10 04:00:00+00:00,2024-10-10 04:00:00+00:00,1,short_1_3h,0
937,2024-10-24 09:00:00+00:00,2024-10-24 09:00:00+00:00,1,short_1_3h,0
943,2024-11-19 05:00:00+00:00,2024-11-19 05:00:00+00:00,1,short_1_3h,0
945,2024-11-19 11:00:00+00:00,2024-11-19 11:00:00+00:00,1,short_1_3h,0
951,2024-12-04 13:00:00+00:00,2024-12-04 13:00:00+00:00,1,short_1_3h,0
955,2024-12-09 12:00:00+00:00,2024-12-09 12:00:00+00:00,1,short_1_3h,0
957,2024-12-16 06:00:00+00:00,2024-12-16 06:00:00+00:00,1,short_1_3h,0
959,2024-12-16 12:00:00+00:00,2024-12-16 12:00:00+00:00,1,short_1_3h,0
961,2024-12-18 06:00:00+00:00,2024-12-18 06:00:00+00:00,1,short_1_3h,0
967,2025-01-01 16:00:00+00:00,2025-01-01 16:00:00+00:00,1,short_1_3h,0
969,2025-01-02 07:00:00+00:00,2025-01-02 07:00:00+00:00,1,short_1_3h,0
971,2025-01-05 12:00:00+00:00,2025-01-05 12:00:00+00:00,1,short_1_3h,0
973,2025-01-05 17:00:00+00:00,2025-01-05 17:00:00+00:00,1,short_1_3h,0
979,2025-01-06 11:00:00+00:00,2025-01-06 11:00:00+00:00,1,short_1_3h,0
981,2025-01-09 03:00:00+00:00,2025-01-09 03:00:00+00:00,1,short_1_3h,0
983,2025-01-15 17:00:00+00:00,2025-01-15 17:00:00+00:00,1,short_1_3h,0
987,2025-02-08 03:00:00+00:00,2025-02-08 03:00:00+00:00,1,short_1_3h,0
989,2025-02-12 13:00:00+00:00,2025-02-12 13:00:00+00:00,1,short_1_3h,0
995,2025-02-26 14:00:00+00:00,2025-02-26 14:00:00+00:00,1,short_1_3h,0
999,2025-03-15 16:00:00+00:00,2025-03-15 16:00:00+00:00,1,short_1_3h,0
1001,2025-03-21 23:00:00+00:00,2025-03-21 23:00:00+00:00,1,short_1_3h,0
1003,2025-03-27 14:00:00+00:00,2025-03-27 14:00:00+00:00,1,short_1_3h,0
1005,2025-04-09 13:00:00+00:00,2025-04-09 13:00:00+00:00,1,short_1_3h,0
1007,2025-04-16 11:00:00+00:00,2025-04-16 11:00:00+00:00,1,short_1_3h,0
1011,2025-04-29 09:00:00+00:00,2025-04-29 09:00:00+00:00,1,short_1_3h,0
1013,2025-05-04 23:00:00+00:00,2025-05-04 23:00:00+00:00,1,short_1_3h,0
1019,2025-05-12 14:00:00+00:00,2025-05-12 14:00:00+00:00,1,short_1_3h,0
1021,2025-05-21 10:00:00+00:00,2025-05-21 10:00:00+00:00,1,short_1_3h,0
1023,2025-05-29 03:00:00+00:00,2025-05-29 03:00:00+00:00,1,short_1_3h,0
1025,2025-06-03 16:00:00+00:00,2025-06-03 16:00:00+00:00,1,short_1_3h,0
1027,2025-06-04 12:00:00+00:00,2025-06-04 12:00:00+00:00,1,short_1_3h,0
1029,2025-06-06 04:00:00+00:00,2025-06-06 04:00:00+00:00,1,short_1_3h,0
1031,2025-06-09 01:00:00+00:00,2025-06-09 01:00:00+00:00,1,short_1_3h,0
1035,2025-06-20 07:00:00+00:00,2025-06-20 07:00:00+00:00,1,short_1_3h,0
1037,2025-06-26 12:00:00+00:00,2025-06-26 12:00:00+00:00,1,short_1_3h,0
1045,2025-07-04 07:00:00+00:00,2025-07-04 07:00:00+00:00,1,short_1_3h,0
1047,2025-07-06 00:00:00+00:00,2025-07-06 00:00:00+00:00,1,short_1_3h,0
1049,2025-07-08 05:00:00+00:00,2025-07-08 05:00:00+00:00,1,short_1_3h,0
1051,2025-07-10 02:00:00+00:00,2025-07-10 02:00:00+00:00,1,short_1_3h,0
1053,2025-07-10 17:00:00+00:00,2025-07-10 17:00:00+00:00,1,short_1_3h,0
1055,2025-07-13 03:00:00+00:00,2025-07-13 03:00:00+00:00,1,short_1_3h,0
1061,2025-07-20 09:00:00+00:00,2025-07-20 09:00:00+00:00,1,short_1_3h,0
1063,2025-07-21 11:00:00+00:00,2025-07-21 11:00:00+00:00,1,short_1_3h,0
1069,2025-07-27 04:00:00+00:00,2025-07-27 04:00:00+00:00,1,short_1_3h,0
1071,2025-07-28 18:00:00+00:00,2025-07-28 18:00:00+00:00,1,short_1_3h,0
1073,2025-07-30 15:00:00+00:00,2025-07-30 15:00:00+00:00,1,short_1_3h,0
1075,2025-08-01 17:00:00+00:00,2025-08-01 17:00:00+00:00,1,short_1_3h,0
1077,2025-08-03 18:00:00+00:00,2025-08-03 18:00:00+00:00,1,short_1_3h,0
1079,2025-08-08 01:00:00+00:00,2025-08-08 01:00:00+00:00,1,short_1_3h,0
1081,2025-08-13 05:00:00+00:00,2025-08-13 05:00:00+00:00,1,short_1_3h,0
1083,2025-08-13 12:00:00+00:00,2025-08-13 12:00:00+00:00,1,short_1_3h,0
1087,2025-08-19 01:00:00+00:00,2025-08-19 01:00:00+00:00,1,short_1_3h,0
1089,2025-08-21 19:00:00+00:00,2025-08-21 19:00:00+00:00,1,short_1_3h,0
1091,2025-08-22 11:00:00+00:00,2025-08-22 11:00:00+00:00,1,short_1_3h,0
1093,2025-08-25 04:00:00+00:00,2025-08-25 04:00:00+00:00,1,short_1_3h,0
1097,2025-08-29 07:00:00+00:00,2025-08-29 07:00:00+00:00,1,short_1_3h,0
1101,2025-09-07 09:00:00+00:00,2025-09-07 09:00:00+00:00,1,short_1_3h,0
1111,2025-09-18 10:00:00+00:00,2025-09-18 10:00:00+00:00,1,short_1_3h,0
1115,2025-09-20 11:00:00+00:00,2025-09-20 11:00:00+00:00,1,short_1_3h,0
1117,2025-09-20 13:00:00+00:00,2025-09-20 13:00:00+00:00,1,short_1_3h,0
1119,2025-09-21 01:00:00+00:00,2025-09-21 01:00:00+00:00,1,short_1_3h,0
1131,2025-09-24 11:00:00+00:00,2025-09-24 11:00:00+00:00,1,short_1_3h,0
1133,2025-09-25 18:00:00+00:00,2025-09-25 18:00:00+00:00,1,short_1_3h,0
1135,2025-10-04 00:00:00+00:00,2025-10-04 00:00:00+00:00,1,short_1_3h,0
1137,2025-10-07 03:00:00+00:00,2025-10-07 03:00:00+00:00,1,short_1_3h,0
1139,2025-10-08 13:00:00+00:00,2025-10-08 13:00:00+00:00,1,short_1_3h,0
1141,2025-10-13 15:00:00+00:00,2025-10-13 15:00:00+00:00,1,short_1_3h,0
1145,2025-10-14 15:00:00+00:00,2025-10-14 15:00:00+00:00,1,short_1_3h,0
1149,2025-10-17 01:00:00+00:00,2025-10-17 01:00:00+00:00,1,short_1_3h,0
1157,2025-10-29 03:00:00+00:00,2025-10-29 03:00:00+00:00,1,short_1_3h,0
1159,2025-10-30 16:00:00+00:00,2025-10-30 16:00:00+00:00,1,short_1_3h,0
1161,2025-11-05 14:00:00+00:00,2025-11-05 14:00:00+00:00,1,short_1_3h,0
1163,2025-11-12 22:00:00+00:00,2025-11-12 22:00:00+00:00,1,short_1_3h,0
1165,2025-11-13 01:00:00+00:00,2025-11-13 01:00:00+00:00,1,short_1_3h,0
1169,2025-11-15 23:00:00+00:00,2025-11-15 23:00:00+00:00,1,short_1_3h,0
1171,2025-11-19 13:00:00+00:00,2025-11-19 13:00:00+00:00,1,short_1_3h,0
1173,2025-11-19 15:00:00+00:00,2025-11-19 15:00:00+00:00,1,short_1_3h,0
1177,2025-12-01 01:00:00+00:00,2025-12-01 01:00:00+00:00,1,short_1_3h,0
1179,2025-12-02 01:00:00+00:00,2025-12-02 01:00:00+00:00,1,short_1_3h,0
1185,2025-12-18 01:00:00+00:00,2025-12-18 01:00:00+00:00,1,short_1_3h,0
