horizon,n,MAE,RMSE,sMAPE,R2,Bias,variant,station_id,seed
1,11065,4.805591261953212,6.653779766173571,44.55486559413893,0.336070025364813,0.2673794940775356,robust_rolling_hybrid,MY1,0
6,11065,5.3534247742472,7.4647697274713,48.03402486862483,0.1646381860175196,0.6846964296079797,robust_rolling_hybrid,MY1,0
12,11065,5.44954000153205,7.791787451779937,49.04195525004079,0.0887986448183879,0.0806932985305324,robust_rolling_hybrid,MY1,0
24,11065,5.283358136843365,7.779843722051523,47.49723051272552,0.0893410806276255,-0.6491178148483454,robust_rolling_hybrid,MY1,0
48,11065,5.581851133630328,8.059727806953486,49.54316380657412,0.0228215126657711,-0.0405933191282197,robust_rolling_hybrid,MY1,0
1,11065,5.157587999611811,6.902995795926431,47.16073813401827,0.2854038862257529,1.031631037812399,robust_static_hybrid,MY1,0
6,11065,5.972611744800845,7.895076869972905,52.24461897865043,0.0655533439036533,1.9230545292787296,robust_static_hybrid,MY1,0
12,11065,5.930625055515545,8.108337068532412,52.30176174848281,0.0132576882020172,1.0268560777327835,robust_static_hybrid,MY1,0
24,11065,5.462436068286952,7.909629603287247,49.079715136930034,0.0587038282097819,-0.3420671779566419,robust_static_hybrid,MY1,0
48,11065,5.868436589025018,8.194539808180508,51.70165899527435,-0.0101416678467598,0.6368815355019714,robust_static_hybrid,MY1,0
1,11065,4.84589971142606,6.806548530185447,44.39367033161496,0.305232774799739,0.7331591677003138,timemixer_base,MY1,0
6,11065,4.831546326323004,7.218103372431551,43.95762386042016,0.2189335501674016,-0.7892218800324743,timemixer_base,MY1,0
12,11065,4.962260291932451,7.4208224428676095,44.96116740593989,0.1734973630731261,-0.6065754479134832,timemixer_base,MY1,0
24,11065,5.168452326849042,7.646224083862309,46.30539765395664,0.1203537769624367,-0.199575414350008,timemixer_base,MY1,0
48,11065,5.231545920505063,7.808500362789046,46.78096675901024,0.0827907690928843,-0.2853152218874472,timemixer_base,MY1,0
1,11065,4.85386698604492,6.648561764033823,45.57674354956973,0.3371109463857401,-0.2392962827463792,no_embedding,MY1,0
6,11065,5.478071164134073,7.680538998934357,49.76174828497247,0.1156479519681814,-0.5736212310481815,no_embedding,MY1,0
12,11065,5.482101711467871,7.937974850545927,49.79515554025017,0.0542864752945025,-1.1162663806066544,no_embedding,MY1,0
24,11065,5.781644383629037,8.313308959218274,52.18680095245134,-0.0398287990737247,-1.1647359237404793,no_embedding,MY1,0
48,11065,5.954169357321244,8.613244252160808,52.93515748315119,-0.1160063693722623,-0.7984394965993835,no_embedding,MY1,0
1,11065,5.54673428343423,7.660765455987307,48.92407280170243,0.1199045730302111,0.8154281024931784,no_context,MY1,0
6,11065,6.036439011700812,8.091012052986622,52.44667178835338,0.018596765899453,1.6269968526884813,no_context,MY1,0
12,11065,5.982932627430018,8.162394728163981,52.56117788526186,5.675940770499821e-05,0.938531738201849,no_context,MY1,0
24,11065,5.540895622710108,7.990948290093348,49.57490543263607,0.0392494540318555,-0.2700387687339429,no_context,MY1,0
48,11065,5.744646979452957,8.105432027357848,50.98106494741592,0.0117075366369497,0.3660719269252825,no_context,MY1,0
1,11065,5.617034930249334,7.907642406481404,50.65671646027873,0.0622664038798589,-0.3558430766095093,base_only,MY1,0
6,11065,6.284195003623182,8.658273817206185,54.74877909145432,-0.1238398329414676,0.004308271965612,base_only,MY1,0
12,11065,5.740893344428278,8.351819056971317,51.30492186484454,-0.04689304877393,-1.0417891388207714,base_only,MY1,0
24,11065,5.994608255535351,8.567695890374873,53.14534401893436,-0.1044398923982838,-0.615327540299928,base_only,MY1,0
48,11065,5.867299383318484,8.467730001183408,52.37746235838392,-0.0786167268048021,-0.5574978547052081,base_only,MY1,0
1,11065,4.86210413743546,6.8081166037097125,44.8751864390635,0.3049126208837575,0.4426411520631326,robust_rolling_hybrid,MY1,1
6,11065,5.325692902629309,7.524993423110634,47.628722783613874,0.1511048781437103,0.5585180958863935,robust_rolling_hybrid,MY1,1
12,11065,5.578388056312359,7.873135901042585,49.26370106869595,0.0696729282544522,0.619656149505417,robust_rolling_hybrid,MY1,1
24,11065,5.808615861311255,8.222162497144234,50.83480101926537,-0.017152592896479,0.5893105202894612,robust_rolling_hybrid,MY1,1
48,11065,5.55958468311997,8.136351029711406,48.94729204141805,0.0041532697363957,0.2272929060028976,robust_rolling_hybrid,MY1,1
1,11065,5.180906382285251,7.006466256287049,47.331734596727976,0.2638208694849289,1.195883327016882,robust_static_hybrid,MY1,1
6,11065,5.918968213372138,7.905578589753749,51.78679558842452,0.0630657624083965,1.7337282292157667,robust_static_hybrid,MY1,1
12,11065,6.155589637956197,8.211874976039436,53.15451930180269,-0.0121032516196395,1.88461637636735,robust_static_hybrid,MY1,1
24,11065,6.422281751940275,8.618015698175954,54.69704146496387,-0.1174511864546627,1.8647809559734383,robust_static_hybrid,MY1,1
48,11065,5.853517058762392,8.177426307768119,51.36693915069112,-0.005926907999143,1.0989302784918231,robust_static_hybrid,MY1,1
1,11065,4.838754400210956,7.420513890419059,44.21588336050007,0.1742408456182477,-1.279596942205317,timemixer_base,MY1,1
6,11065,5.076028723892883,7.671251511919775,45.63426572723772,0.1177854171229397,-0.6840121368585105,timemixer_base,MY1,1
12,11065,5.2651748046770495,7.931388431004548,47.02793952052038,0.0558552083785072,-0.3537937116283558,timemixer_base,MY1,1
24,11065,5.342402374262299,7.96771579861849,47.64192107912467,0.0448278112200778,-0.3711458857572299,timemixer_base,MY1,1
48,11065,5.438152464856619,7.84408162496058,48.609979487285045,0.0744127666192535,0.1169747304954089,timemixer_base,MY1,1
1,11065,4.62405879390062,6.544689435699908,42.93209371118344,0.3576621437635346,0.4427574320422326,no_embedding,MY1,1
6,11065,4.985545885102328,7.336634442869393,45.95346938067453,0.1930705810267221,-1.303448281137856,no_embedding,MY1,1
12,11065,5.276980614368592,8.023950117133184,47.82284202197236,0.0336897129070515,-1.5903937772690735,no_embedding,MY1,1
24,11065,5.315096022021,7.912087889448018,48.126503682163744,0.0581186339450091,-0.9513393602514504,no_embedding,MY1,1
48,11065,5.541680490456175,8.189087832944653,50.15658083476841,-0.0087979840171628,-1.147272076557731,no_embedding,MY1,1
1,11065,5.420387054251913,7.480663244544601,48.27639719948765,0.1607996785914021,1.2349475631523177,no_context,MY1,1
6,11065,6.1847073815470095,8.18241004370935,53.48509092328868,-0.0037007933269821,1.9695825796320168,no_context,MY1,1
12,11065,6.305869646604062,8.299442378098313,54.13935873148538,-0.0338034824116832,2.0186145382745204,no_context,MY1,1
24,11065,6.571919759837309,8.719374881495309,55.61981899929557,-0.1438911489687142,2.079522786674271,no_context,MY1,1
48,11065,5.724547935940807,8.050249011560176,50.61533425941851,0.0251186195933121,0.7993296131282923,no_context,MY1,1
1,11065,5.043964277774136,7.302501760403258,45.823114182559216,0.2002969121842005,-0.43200140236677,base_only,MY1,1
6,11065,5.362171263741628,7.971883361563949,48.21988833635916,0.0472835583636961,-1.1079781082195768,base_only,MY1,1
12,11065,5.401867357204793,8.035371875604737,48.5984518094708,0.0309367501207281,-1.1012848645300548,base_only,MY1,1
24,11065,5.634028998185648,8.288232035823796,50.497751418405535,-0.0335650167815901,-0.8872481492893005,base_only,MY1,1
48,11065,5.686653258600657,8.325821714034603,50.94840555319509,-0.0427671972124272,-0.7288963360992212,base_only,MY1,1
1,11065,4.637609054689465,6.433894406765541,43.726744113658725,0.3792263270507946,-0.5908209920310438,robust_rolling_hybrid,MY1,2
6,11065,5.236180857482234,7.405062048703619,47.50424018222915,0.177948185282711,0.0901224723009364,robust_rolling_hybrid,MY1,2
12,11065,5.470560119513077,7.926311647901413,49.01213750496751,0.0570634922311965,-0.2210058854197762,robust_rolling_hybrid,MY1,2
24,11065,5.406570587294137,7.877364002249782,48.10836712660078,0.0663677875465045,-0.0706563691332805,robust_rolling_hybrid,MY1,2
48,11065,5.455078487485896,8.00150355060407,48.57042056165896,0.0368889806568533,-0.2991070691492895,robust_rolling_hybrid,MY1,2
1,11065,4.872499625560551,6.674253617807706,45.6082719429493,0.3319778799696924,-0.413942300451863,robust_static_hybrid,MY1,2
6,11065,5.704379630592469,7.720156690924166,50.82424076403484,0.1065011073985606,1.0256796534089443,robust_static_hybrid,MY1,2
12,11065,5.871920133291517,8.203549985904091,51.9542380806363,-0.010052202692357,0.5563147611414422,robust_static_hybrid,MY1,2
24,11065,5.645662534390431,7.974821243533245,49.87230705233494,0.0431234458128856,0.6962529791974397,robust_static_hybrid,MY1,2
48,11065,5.626617140385882,8.080684361739262,49.84687995258758,0.0177332718757178,0.3509802368583584,robust_static_hybrid,MY1,2
1,11065,4.666947384907873,7.195574021412715,42.85563950475839,0.2235449434700327,-2.3461114249749797,timemixer_base,MY1,2
6,11065,4.937070219211324,7.703724366426743,44.9897936215501,0.1103006774738583,-2.598628972272123,timemixer_base,MY1,2
12,11065,4.959701468938624,7.728262285263335,45.1812889348132,0.1035958291365332,-2.196750202970272,timemixer_base,MY1,2
24,11065,4.995085737339469,7.767279393964733,45.20314614740044,0.0922801057975174,-1.7045802066216251,timemixer_base,MY1,2
48,11065,5.047029084570528,7.8447349808761215,45.56692080925941,0.0742585706003019,-1.3038429620332757,timemixer_base,MY1,2
1,11065,4.585532774989335,6.287615995519739,43.458622903882514,0.4071327610693104,-0.1442431332916358,no_embedding,MY1,2
6,11065,5.108240872723885,7.181889588111106,46.89525406229457,0.226751231778819,-0.2288517874207261,no_embedding,MY1,2
12,11065,5.1410540818171535,7.708469443922981,47.20106757676341,0.1081815082653546,-1.5557060959675275,no_embedding,MY1,2
24,11065,5.365420715094044,7.877733996094507,48.54329792043904,0.0662800814853824,-0.8527391062486349,no_embedding,MY1,2
48,11065,5.615765163489612,8.382968596227942,50.98648603443017,-0.0571310417916159,-1.5862532040381183,no_embedding,MY1,2
1,11065,5.306366670177471,7.467620932825184,47.790145486585104,0.1637233688023244,0.0112533107770281,no_context,MY1,2
6,11065,5.98430570443992,8.125088603168122,52.44199027800352,0.0103126943449715,1.1638747648125152,no_context,MY1,2
12,11065,5.675827893742705,8.108681628060886,50.5423848789164,0.0131738242267819,0.0464929377041518,no_context,MY1,2
24,11065,5.709354905286527,8.169610296259963,50.59776105069522,-0.0041918219960692,0.2422103340761509,no_context,MY1,2
48,11065,5.719638485158131,8.159465929505187,50.60780634851444,-0.0015130529111362,0.5463782801517145,no_context,MY1,2
1,11065,5.242774124375523,7.577471727394598,47.41240121702358,0.138938678207473,-0.4712355656398673,base_only,MY1,2
6,11065,5.606359087260018,8.029637450769048,50.10703457464185,0.0334292200505379,-0.4051068840579538,base_only,MY1,2
12,11065,5.67334797982172,8.35698843437293,51.24846064125992,-0.0481894035080809,-1.0464538481377714,base_only,MY1,2
24,11065,5.53368095834224,8.251178662575596,49.63467680046557,-0.024344361585304,-1.1210019393711677,base_only,MY1,2
48,11065,5.429252828473803,8.302901247890142,49.235303386542505,-0.0370337543210805,-1.6727577241389286,base_only,MY1,2
1,11065,4.702264303913457,6.523497349952222,44.07728276054095,0.3618152636516182,-0.2638987729544331,robust_rolling_hybrid,MY1,3
6,11065,5.150329749900837,7.559936545440406,46.751803893610855,0.1432027003740442,-0.7872803403975579,robust_rolling_hybrid,MY1,3
12,11065,5.364088284325162,7.812680871986368,48.277312997663536,0.0839053804784156,-0.2331862890215086,robust_rolling_hybrid,MY1,3
24,11065,5.430770275725097,8.03701953052309,48.45022319221015,0.0281392415074309,-0.633445079000279,robust_rolling_hybrid,MY1,3
48,11065,5.73090730392065,8.420528252247406,50.49058716533671,-0.0666251553582231,-0.6125917990106768,robust_rolling_hybrid,MY1,3
1,11065,4.946932028040754,6.728797003803575,46.01949640348345,0.321014835264215,0.0904005005814293,robust_static_hybrid,MY1,3
6,11065,5.31300533208651,7.689519459749498,48.146813991415165,0.1135786878352388,-0.5148974658486211,robust_static_hybrid,MY1,3
12,11065,5.792146066338888,8.140616425253166,51.52007009096181,0.0053855913315187,0.4972380347425346,robust_static_hybrid,MY1,3
24,11065,5.683416494434902,8.261522103601182,50.65226700209982,-0.0269141487334214,-0.3046788855181848,robust_static_hybrid,MY1,3
48,11065,5.978304089001816,8.602274191907027,52.50966846823116,-0.113165428033962,-0.3617460420672515,robust_static_hybrid,MY1,3
1,11065,4.498728629379751,6.732935997516901,40.84825626085725,0.3201792684720277,-0.5974259106567743,timemixer_base,MY1,3
6,11065,4.799188753751086,7.114035520870607,43.41344412241831,0.2412934259034365,-0.4712530581944677,timemixer_base,MY1,3
12,11065,5.036199630095956,7.31226770373979,45.44180327275306,0.1975013176834279,0.0881430359782,timemixer_base,MY1,3
24,11065,5.064646885826531,7.516937081992142,45.53239456570334,0.1498494706646181,-0.5214118565604852,timemixer_base,MY1,3
48,11065,5.10381137506756,7.753981446985139,45.96794975041621,0.0955539585119977,-0.8791630022917944,timemixer_base,MY1,3
1,11065,4.797868509565712,6.543952047903093,45.06438926131449,0.3578068795583095,-0.4331061168676903,no_embedding,MY1,3
6,11065,5.186642327739058,7.3464490290179,47.8270177226705,0.1909101965516174,-0.7772292595048647,no_embedding,MY1,3
12,11065,5.28149070989423,7.797906716024292,47.91932074594853,0.0873668625963062,-1.1516891445905657,no_embedding,MY1,3
24,11065,5.62584898089102,8.172911985495299,50.77352389631362,-0.0050036598150848,-1.116616189940397,no_embedding,MY1,3
48,11065,5.491647174460178,8.311395451552242,49.90076931936356,-0.0391566946084565,-1.7800813745197213,no_embedding,MY1,3
1,11065,5.233712523927853,7.273103909649216,47.28802922957652,0.2067227183855429,0.5154262821732524,no_context,MY1,3
6,11065,5.428173482787054,7.894371073731247,48.83089245495147,0.0657204099041006,-0.5074060719125258,no_context,MY1,3
12,11065,5.855197315433151,8.254116689480789,52.06672938186036,-0.0225425083934787,0.382773579333198,no_context,MY1,3
24,11065,5.946447687129117,8.398130962296017,52.26761717692956,-0.0611561244825453,0.4165476075648399,no_context,MY1,3
48,11065,6.271372966509408,8.684168366238676,54.12976362037048,-0.1344611213242432,0.8996517553487839,no_context,MY1,3
1,11065,4.951251123975533,7.206524528649806,44.96476995467525,0.2211798655851751,-0.4828369709710648,base_only,MY1,3
6,11065,5.102991796711479,7.529726017465353,46.11315458997692,0.1500367736645367,-0.7585683832785903,base_only,MY1,3
12,11065,5.358233298813117,7.929654721375581,48.07959092678538,0.0562679214942201,-0.7583437882151692,base_only,MY1,3
24,11065,5.724869355988944,8.372661536717668,51.08643619848974,-0.0547294436062064,-0.8559008206843899,base_only,MY1,3
48,11065,5.393653831638689,8.165749427079206,49.27497530150647,-0.0030561509454691,-1.7423380205575234,base_only,MY1,3
1,11065,4.693861244390098,6.313268251284384,43.986648106970144,0.4022853258298385,0.586233873337651,robust_rolling_hybrid,MY1,4
6,11065,5.068912745394538,7.271652095015987,46.2139707498162,0.2073016153473544,-0.2139789631340839,robust_rolling_hybrid,MY1,4
12,11065,5.331424859732057,7.717300984838951,47.87728798558687,0.1061368369147583,-0.2204146221034646,robust_rolling_hybrid,MY1,4
24,11065,5.566215038449212,8.031206162417186,48.96996879861897,0.0295446732109131,0.1612533711969079,robust_rolling_hybrid,MY1,4
48,11065,5.550481422616073,8.1359920857152,49.23043238806622,0.0042411335266733,-0.1345261603837017,robust_rolling_hybrid,MY1,4
1,11065,5.151835089313246,6.663362932616041,47.39698208059869,0.3341561858516509,1.4954500836777675,robust_static_hybrid,MY1,4
6,11065,5.363328546490327,7.427582100073852,48.52965725930035,0.1729405839879391,0.4857579399949008,robust_static_hybrid,MY1,4
12,11065,5.62351211023126,7.90860082340483,50.06976358521317,0.0612726442324543,0.4345232849120016,robust_static_hybrid,MY1,4
24,11065,5.844161357631308,8.121352337368698,51.10123311837206,0.0076366785960033,1.0953208315900371,robust_static_hybrid,MY1,4
48,11065,5.798426710527728,8.231409229492355,51.26318617360275,-0.0192519103911712,0.5522333999456888,robust_static_hybrid,MY1,4
1,11065,4.530313576606405,6.728639345235725,41.53742960747292,0.3210466527122718,-0.6835415573638325,timemixer_base,MY1,4
6,11065,4.959378856689856,7.170154431130213,45.01258571961503,0.2292761333338265,0.0148407542834818,timemixer_base,MY1,4
12,11065,4.992090139998282,7.347958270414084,45.07780863338782,0.1896483416719826,-0.1862719501594693,timemixer_base,MY1,4
24,11065,5.044479530834257,7.575385731805786,45.47279166192424,0.136577220212408,-0.643558413964615,timemixer_base,MY1,4
48,11065,5.2623222858912255,7.722519179597385,47.33478024904717,0.1028787612704876,0.0607816804090992,timemixer_base,MY1,4
1,11065,4.628359544516902,6.31809018019398,43.67030632813766,0.4013719357416937,0.6117283202892938,no_embedding,MY1,4
6,11065,5.240820922732515,7.499894044703065,48.21463386568647,0.1567583597392625,-1.039752475118077,no_embedding,MY1,4
12,11065,5.202495138232007,7.710743599004421,47.283809850748966,0.107655221499932,-1.0389063530495088,no_embedding,MY1,4
24,11065,5.317659451567744,7.811892563323585,48.51603661358158,0.0818227605310789,-1.1286914089848648,no_embedding,MY1,4
48,11065,5.596335043798892,8.33569417839419,50.45080262150296,-0.045241616165458,-1.3560219678332566,no_embedding,MY1,4
1,11065,5.439766172405502,7.4065089051546416,48.35523123004594,0.177354870251563,1.2674921344294032,no_context,MY1,4
6,11065,5.597370507646565,7.923901015698495,49.82679809800585,0.0587177437282612,0.2340558968002959,no_context,MY1,4
12,11065,5.779036808075864,8.084579825080404,51.06436609204891,0.0190314823740819,0.6140637437170359,no_context,MY1,4
24,11065,5.743670638500163,8.158750247824955,50.30294552328613,-0.0015238065295781,0.6698790865869906,no_context,MY1,4
48,11065,5.736856391768729,8.192768995903819,50.81091557732814,-0.0097051386371198,0.4254201201874371,no_context,MY1,4
1,11065,5.232987990443436,7.61263573652867,47.56084416152731,0.130928454174522,-0.4955728765558561,base_only,MY1,4
6,11065,5.517156329887031,8.05325941908796,49.89502873175415,0.0277338473615219,-0.9230042291263946,base_only,MY1,4
12,11065,5.382624392327926,8.137712513010536,48.45485969758251,0.0060950604076449,-1.2966798540186246,base_only,MY1,4
24,11065,5.608598085315423,8.289375258126649,50.39221471519297,-0.0338501622900848,-0.9193007345092928,base_only,MY1,4
48,11065,5.4336203299089085,8.242829128260958,49.33193757132528,-0.022082003648675,-1.5731256808003202,base_only,MY1,4
1,12837,3.1254038031394864,4.473807279257714,40.89433549968356,0.5947066017360634,-0.3507194724396583,robust_rolling_hybrid,BIR_A4540,0
6,12837,3.8676645598543344,5.747211877436876,46.09035581204192,0.3311741916386003,-0.279770640050076,robust_rolling_hybrid,BIR_A4540,0
12,12837,4.800829295721317,6.71773174817843,55.06129786735983,0.0863188143188479,0.350602133094072,robust_rolling_hybrid,BIR_A4540,0
24,12837,4.74145681701246,6.88444043842941,54.25550971224936,0.0404465405643746,-0.0530336843340518,robust_rolling_hybrid,BIR_A4540,0
48,12837,5.208498276551733,7.218634382806606,58.6790042700322,-0.0538167352048355,0.4746600219199844,robust_rolling_hybrid,BIR_A4540,0
1,12837,3.2062260520307784,4.606357613906348,41.65293212295778,0.5703346926268745,-0.3684916861579919,robust_static_hybrid,BIR_A4540,0
6,12837,3.971822050296695,5.760275132544053,47.12559394605272,0.3281302907446972,0.1881217819777773,robust_static_hybrid,BIR_A4540,0
12,12837,5.353733518549965,7.045775523205368,59.5685132865033,-0.0050946745464366,1.4928943420451053,robust_static_hybrid,BIR_A4540,0
24,12837,5.145404728430588,7.087709953473403,57.88403374685788,-0.0170533984794689,0.8238361734597123,robust_static_hybrid,BIR_A4540,0
48,12837,5.956597064524748,7.748276641445285,64.53174860573336,-0.2141301279998266,1.82117774904754,robust_static_hybrid,BIR_A4540,0
1,12837,3.601259418439575,5.704692559845221,42.220111017267385,0.341009013636863,-1.0214231653781642,timemixer_base,BIR_A4540,0
6,12837,3.957367107647086,6.004068326466019,46.58905583594718,0.2700554698577128,-0.3289811698722906,timemixer_base,BIR_A4540,0
12,12837,4.046936093467766,6.472515902783746,46.86446005801896,0.151805173606769,-1.4338277272437232,timemixer_base,BIR_A4540,0
24,12837,4.208185002833426,6.789564038942955,48.40175719624978,0.066712047935065,-1.763955227641234,timemixer_base,BIR_A4540,0
48,12837,4.291807581386695,6.971439665792071,49.49497493776015,0.0171212494891853,-1.8767865136714983,timemixer_base,BIR_A4540,0
1,12837,3.144038209871422,4.489631459778416,42.338019253000766,0.591834426923567,-1.1523295219599057,no_embedding,BIR_A4540,0
6,12837,4.09508719235192,6.3082054045024645,49.5871221331352,0.1942315489625042,-1.8773179302647764,no_embedding,BIR_A4540,0
12,12837,4.44294207642557,7.116254494387819,52.06118403903923,-0.0253031910436862,-2.2661356754885977,no_embedding,BIR_A4540,0
24,12837,4.6019054128831725,7.229093932457764,55.04967917505095,-0.0580339838395052,-2.3433050312983466,no_embedding,BIR_A4540,0
48,12837,4.705620614947156,7.327604077424813,54.87564567959288,-0.0858728907121195,-1.5146542819798845,no_embedding,BIR_A4540,0
1,12837,4.463148230278038,6.202740743077827,50.42192208469572,0.2209196609549498,1.4153998356593716,no_context,BIR_A4540,0
6,12837,4.60867780721651,6.46281500766414,52.9264665660819,0.1542499028078158,0.6916550155521562,no_context,BIR_A4540,0
12,12837,5.685627467679004,7.313658812897419,61.97825831132037,-0.0829758185677442,2.099685729838443,no_context,BIR_A4540,0
24,12837,5.257346844270592,7.137301730012664,58.9966324225921,-0.0313355678768896,1.121909228676974,no_context,BIR_A4540,0
48,12837,5.91097344617945,7.665178350651361,64.41448098068702,-0.1882273055127634,1.814200290424426,no_context,BIR_A4540,0
1,12837,3.796445203468678,5.963850945245464,43.929484745587125,0.2797744113655579,-0.8682581534139221,base_only,BIR_A4540,0
6,12837,4.177604584613767,6.651634596814426,48.23120880082439,0.1041085873327195,-1.4923341475102707,base_only,BIR_A4540,0
12,12837,4.51948019427108,7.146598887476403,52.53573791540293,-0.0340658163265754,-1.7902294502731348,base_only,BIR_A4540,0
24,12837,4.626873244256852,7.242541918156432,53.63175188867678,-0.0619740793186243,-1.5051691183408138,base_only,BIR_A4540,0
48,12837,4.750364080323342,7.278131919397118,54.86463768549742,-0.0712598935094641,-1.113526872603927,base_only,BIR_A4540,0
1,12837,2.974939641542453,4.299978686999226,39.01244463252379,0.6255898686444334,-0.4182164906105641,robust_rolling_hybrid,BIR_A4540,1
6,12837,3.9385085182504302,5.84046631897496,47.09235618159408,0.309293323033176,-0.4292448267128648,robust_rolling_hybrid,BIR_A4540,1
12,12837,4.552996312535294,6.6521383303366655,52.61092630547166,0.1040744741018068,-0.15243047651623,robust_rolling_hybrid,BIR_A4540,1
24,12837,4.520884579125716,6.610165846512303,52.15800543184794,0.1153803268604678,-0.1214457533993365,robust_rolling_hybrid,BIR_A4540,1
48,12837,5.049671858467816,7.00276390089418,57.44561575179777,0.0082688187006613,0.460224048021687,robust_rolling_hybrid,BIR_A4540,1
1,12837,3.030087396208813,4.3554380664643,39.769626486958096,0.6158696065395954,-0.4311042865242757,robust_static_hybrid,BIR_A4540,1
6,12837,4.054558115057218,5.863922997491497,48.21897137503517,0.3037341027719875,0.0379836444632048,robust_static_hybrid,BIR_A4540,1
12,12837,4.793779690811974,6.733619064134515,54.72729561414256,0.081992024504481,0.5627450142623089,robust_static_hybrid,BIR_A4540,1
24,12837,4.747266605404704,6.634660799911193,54.26802925109285,0.1088119996799956,0.6750359058570498,robust_static_hybrid,BIR_A4540,1
48,12837,5.8180579362423925,7.529232820742914,63.730330652826765,-0.1464535225444971,1.829472493108972,robust_static_hybrid,BIR_A4540,1
1,12837,3.6571375466868674,5.860889849073217,42.790625329116,0.3044279788846901,-0.9973320604471104,timemixer_base,BIR_A4540,1
6,12837,3.9334012649810006,6.193485219361795,45.7902489295255,0.2232722565090102,-0.97045398838258,timemixer_base,BIR_A4540,1
12,12837,4.1773866163200335,6.43551411920995,48.61615122382474,0.1614752964749294,-0.7603724599279253,timemixer_base,BIR_A4540,1
24,12837,4.2792952522163015,6.696680069632074,49.572439711830974,0.092072889699588,-1.1426952061920028,timemixer_base,BIR_A4540,1
48,12837,4.267832777027383,6.824048903199611,49.39787847480407,0.0582421248550977,-1.4863408986440447,timemixer_base,BIR_A4540,1
1,12837,3.0487998839715305,4.4011276747932575,39.79033646075359,0.6077680916650487,-0.8848857554684939,no_embedding,BIR_A4540,1
6,12837,4.117921372725974,6.285213886794631,49.18930107300356,0.2000944141860337,-1.3831230281153748,no_embedding,BIR_A4540,1
12,12837,4.414771820116221,7.073817876848324,51.43020641149331,-0.013111197110299,-2.00227769463616,no_embedding,BIR_A4540,1
24,12837,4.536910240336948,7.159315311942681,53.09979334977596,-0.0377072760986703,-2.1352241158025738,no_embedding,BIR_A4540,1
48,12837,4.744553242021236,7.514229793367375,57.25508407390312,-0.1418891433992537,-2.547495870185045,no_embedding,BIR_A4540,1
1,12837,4.315518025263287,6.139935346426083,47.85274121249357,0.2366168280277297,1.733219225934392,no_context,BIR_A4540,1
6,12837,4.671097280593864,6.651533471644299,52.98725496802766,0.1041358276994368,0.518001173790569,no_context,BIR_A4540,1
12,12837,5.02918567899706,6.811800660627685,56.855018720681066,0.0605509587712654,1.143844680670703,no_context,BIR_A4540,1
24,12837,4.820897998280584,6.7799259495300594,54.88795085017775,0.0693598551274788,0.5674373089032092,no_context,BIR_A4540,1
48,12837,5.966848252279194,7.644149726657437,65.18561771121504,-0.1817166909503822,1.919542500278962,no_context,BIR_A4540,1
1,12837,4.14086537207409,6.391500069888633,47.276322529600506,0.1727808455502979,-0.131861137015394,base_only,BIR_A4540,1
6,12837,4.68058256282468,6.9708948936453154,52.21225405623464,0.016044005627767,0.0396086150489975,base_only,BIR_A4540,1
12,12837,4.676336226765033,7.173399444865916,53.1072755675851,-0.0418360872354941,-0.8971882783090659,base_only,BIR_A4540,1
24,12837,4.689489280333853,7.319840761242502,53.78453400783466,-0.0847637114643105,-1.399387993588852,base_only,BIR_A4540,1
48,12837,4.6339272578329815,7.325235952955093,54.66867343293861,-0.085171142470158,-1.8678241704352,base_only,BIR_A4540,1
1,12837,3.120224234633838,4.382981501923515,40.99306625305867,0.6109958257978392,-0.1077708962405928,robust_rolling_hybrid,BIR_A4540,2
6,12837,4.064899813461111,6.129640599424669,47.35808918212656,0.2392032843052645,-0.651366389795991,robust_rolling_hybrid,BIR_A4540,2
12,12837,4.646633022755772,6.852380012872059,52.08911964995935,0.0493246218272741,-0.1321810446566204,robust_rolling_hybrid,BIR_A4540,2
24,12837,4.961046011210721,7.219089541884985,55.89396037304574,-0.0551075698249265,-0.189271824708324,robust_rolling_hybrid,BIR_A4540,2
48,12837,4.869800221450725,7.060847513681275,55.79413491597991,-0.0082510077024091,-0.0443452997356998,robust_rolling_hybrid,BIR_A4540,2
1,12837,3.1784171624547497,4.444274945391317,41.53429534191103,0.6000397570040594,-0.0119677354304731,robust_static_hybrid,BIR_A4540,2
6,12837,4.090513592098532,6.154283181611754,47.446148874624896,0.2330738282815814,-0.5435163028270663,robust_static_hybrid,BIR_A4540,2
12,12837,4.852392441920238,6.965060136774469,54.23839647289878,0.0178018589740419,0.3613890363803819,robust_static_hybrid,BIR_A4540,2
24,12837,5.1980203231719,7.427735321015026,57.89617291223382,-0.1169782618531296,0.2530210888593787,robust_static_hybrid,BIR_A4540,2
48,12837,5.508398906474842,7.506063237447254,61.86980408997427,-0.1394084542600784,0.98831590347046,robust_static_hybrid,BIR_A4540,2
1,12837,3.560234282141099,5.805663895171719,41.33304403979382,0.3174746825480657,-1.3356812642033322,timemixer_base,BIR_A4540,2
6,12837,3.839697768509068,6.140935117953061,44.727063458239776,0.2363970025767047,-1.409644151006503,timemixer_base,BIR_A4540,2
12,12837,4.115515089886131,6.326843420238417,47.87657713826265,0.1895550139982839,-0.721028894455325,timemixer_base,BIR_A4540,2
24,12837,4.267180913325512,6.660108253714394,49.47526721242848,0.1019625289554592,-1.0641475957117137,timemixer_base,BIR_A4540,2
48,12837,4.3150348757285055,6.806486303199702,50.11118606986346,0.0630833660327632,-1.2369512296279217,timemixer_base,BIR_A4540,2
1,12837,3.210023264663654,4.613026051414002,42.85795606430783,0.569089774013912,-1.6579675675251035,no_embedding,BIR_A4540,2
6,12837,4.1516316231815225,6.463490388620739,50.77239734458484,0.1540731274072717,-2.3009758963594744,no_embedding,BIR_A4540,2
12,12837,4.428648458703653,7.133133868900888,51.37971259709432,-0.0301728880401772,-2.139691409414558,no_embedding,BIR_A4540,2
24,12837,4.580784308064845,7.2462902464493855,55.12202961914676,-0.0630735986879902,-2.6234486995734576,no_embedding,BIR_A4540,2
48,12837,4.596434460310231,7.384920652038,53.48390777075054,-0.1029267405017571,-2.1729727083740364,no_embedding,BIR_A4540,2
1,12837,4.276207580202473,6.4435692532674045,47.54304275075889,0.1592478489961334,0.5150677094910294,no_context,BIR_A4540,2
6,12837,4.3485208257523205,6.690093341046502,49.4726836796258,0.0937188208520316,-0.8390788770268953,no_context,BIR_A4540,2
12,12837,4.982483003644582,7.20606008088043,54.93557499062386,-0.0513446869943632,0.4567777584268082,no_context,BIR_A4540,2
24,12837,5.300718209312519,7.521098644019704,59.07262172215665,-0.145234575375748,0.3005689473211407,no_context,BIR_A4540,2
48,12837,5.863095501550236,7.77518769357107,64.49652773779106,-0.2225785252259502,1.5980471767530993,no_context,BIR_A4540,2
1,12837,3.847780272098794,6.155516408168055,44.47202764616113,0.2327374998174405,-0.9163578560351954,base_only,BIR_A4540,2
6,12837,4.318433939136058,6.845586126818233,50.42566162953952,0.051101228337996,-1.650588417715806,base_only,BIR_A4540,2
12,12837,4.539770387598888,7.123950337913895,52.33002336240944,-0.0275220098182973,-1.4540119678062973,base_only,BIR_A4540,2
24,12837,4.71795864346717,7.363357772959829,54.25687637098156,-0.0977000573102226,-1.3793893220050968,base_only,BIR_A4540,2
48,12837,4.748124448160725,7.456230872398169,55.0449008009483,-0.1243297269872554,-1.611955047668285,base_only,BIR_A4540,2
1,12837,3.301859268740097,4.855026159185082,41.39971382437639,0.5226926362733124,0.1743358587354615,robust_rolling_hybrid,BIR_A4540,3
6,12837,4.4763372317731465,6.485544713177626,50.18962859572844,0.1482904392019739,0.9822759621304984,robust_rolling_hybrid,BIR_A4540,3
12,12837,5.041450977547864,6.870739218351065,56.1936969373409,0.044223612871362,1.2607850085283174,robust_rolling_hybrid,BIR_A4540,3
24,12837,4.812715795042013,7.02751886310017,54.2628046170402,0.0001475349513145,0.3324574945268601,robust_rolling_hybrid,BIR_A4540,3
48,12837,4.804868909093744,6.848227434919385,55.032234139208384,0.0515567501890057,0.1533466677188315,robust_rolling_hybrid,BIR_A4540,3
1,12837,3.4050158164676145,5.02785812202753,41.75724038264636,0.4881048506517766,0.3393937120061895,robust_static_hybrid,BIR_A4540,3
6,12837,4.830103737374022,6.779019781964242,52.322509140269496,0.0694656504459402,1.9973652123536632,robust_static_hybrid,BIR_A4540,3
12,12837,5.828717078425352,7.465746505979494,61.6452696659884,-0.128485144073734,2.825572122405825,robust_static_hybrid,BIR_A4540,3
24,12837,5.171464049327204,7.201851794057919,56.82094196654273,-0.0500748122071368,1.389185896850388,robust_static_hybrid,BIR_A4540,3
48,12837,5.239259608716174,7.038987707254935,59.09552459197402,-0.0020177461767503,1.1986397923413417,robust_static_hybrid,BIR_A4540,3
1,12837,3.6792324011042794,5.876821002378978,43.0499114040673,0.3006414121980848,-1.2187417063760806,timemixer_base,BIR_A4540,3
6,12837,3.972673078737889,6.246400977842448,46.1095448903455,0.2099431806489452,-0.912480798725158,timemixer_base,BIR_A4540,3
12,12837,4.198406443574434,6.595808203553954,48.2633865342178,0.1191835764202947,-1.099080601861342,timemixer_base,BIR_A4540,3
24,12837,4.371977770684654,6.7884864110372005,50.14653728631354,0.0670082841355185,-0.8234790648066237,timemixer_base,BIR_A4540,3
48,12837,4.482872991031359,6.886389286384078,51.75510404197923,0.0409568694020967,-0.7882035669182249,timemixer_base,BIR_A4540,3
1,12837,3.25712368022739,4.680466338447501,44.89667854269674,0.556398262628192,-1.5388442245382772,no_embedding,BIR_A4540,3
6,12837,4.025638752252669,6.273240164572632,48.22384446049618,0.2031392506113929,-1.710746511727597,no_embedding,BIR_A4540,3
12,12837,4.52276139835512,7.0219751579309015,52.543327792886814,0.00168420086424,-1.5793194210728057,no_embedding,BIR_A4540,3
24,12837,4.523610598827677,7.168829051803416,53.32496284725581,-0.0404670474522836,-2.270549357664068,no_embedding,BIR_A4540,3
48,12837,4.8442843159898805,7.396063772999897,56.090556146920335,-0.1062576681848328,-1.2019384935993898,no_embedding,BIR_A4540,3
1,12837,5.606819751258114,7.719505647574315,56.23409969687175,-0.2066851401210578,3.5136281535165224,no_context,BIR_A4540,3
6,12837,5.6168314198114295,7.730451332254528,57.09681289094175,-0.2100639076106532,3.07425845917664,no_context,BIR_A4540,3
12,12837,6.0703247515172,7.734268532024799,63.340743184368776,-0.211121907619787,3.0168028877695616,no_context,BIR_A4540,3
24,12837,5.445307791462901,7.468357281176292,58.73996896667184,-0.1292290807852059,1.8223538708466744,no_context,BIR_A4540,3
48,12837,5.302697268397004,7.2387935239541665,59.426757862124816,-0.0597108428150074,0.9654862639051904,no_context,BIR_A4540,3
1,12837,3.869001080532112,5.866107550152959,44.888992543433865,0.3031889512015131,-0.1346256736910602,base_only,BIR_A4540,3
6,12837,4.230122132597844,6.473062238801426,49.00646111656052,0.1515657883907319,-0.9288253818980404,base_only,BIR_A4540,3
12,12837,4.506543594433473,6.996969499679783,52.07378991043388,0.00878166128826,-1.4621684450644277,base_only,BIR_A4540,3
24,12837,4.614754308049642,7.084163188484088,53.50987146471879,-0.0160357646155551,-1.423760288040001,base_only,BIR_A4540,3
48,12837,4.716847248495559,7.487802676523645,55.13208201962216,-0.1338713495504164,-1.972584907964651,base_only,BIR_A4540,3
1,12837,3.3723347210995014,4.745604406741084,42.28557283351167,0.5439651302944191,0.750241071282449,robust_rolling_hybrid,BIR_A4540,4
6,12837,4.417366770570986,6.353431485824803,50.21577164398258,0.1826363709413029,0.6678073671103283,robust_rolling_hybrid,BIR_A4540,4
12,12837,4.961486222558027,7.242154881700311,54.642318447428615,-0.0619033325426083,0.1242916081300904,robust_rolling_hybrid,BIR_A4540,4
24,12837,4.798392160190222,7.0273797084152125,54.4354383328162,0.0001871315087803,-0.2400588809610953,robust_rolling_hybrid,BIR_A4540,4
48,12837,5.267638732949433,7.496873091000305,58.443422958508016,-0.1366200630964535,0.0923933096391705,robust_rolling_hybrid,BIR_A4540,4
1,12837,3.612591486823813,5.031154270931318,43.7269669908114,0.4874334571214159,1.4574339771773146,robust_static_hybrid,BIR_A4540,4
6,12837,4.761299736314338,6.566794354522477,53.0469282388083,0.1268166637969104,1.6255595767745037,robust_static_hybrid,BIR_A4540,4
12,12837,5.133165623427663,7.312170673188919,55.8134118344128,-0.0825351484739282,0.7393422156231068,robust_static_hybrid,BIR_A4540,4
24,12837,4.961747005155843,7.048781894207703,55.93433329995693,-0.0059120878862886,0.3504500079607215,robust_static_hybrid,BIR_A4540,4
48,12837,5.534451650086896,7.62490101671603,60.52821439951904,-0.1757728296561824,0.8460103989441446,robust_static_hybrid,BIR_A4540,4
1,12837,3.578053996871173,5.720906222932318,41.76228155677581,0.3372577714849628,-1.0776335982724945,timemixer_base,BIR_A4540,4
6,12837,3.9400172893216494,6.210200677455601,45.28601962342449,0.2190740127623951,-0.7800929580785464,timemixer_base,BIR_A4540,4
12,12837,4.272104101492774,6.518761108234064,49.0000206785681,0.1396414113472621,-0.3558024308215683,timemixer_base,BIR_A4540,4
24,12837,4.296562773061707,6.801656462709235,48.92338156811427,0.0633846580025017,-1.1794358271229923,timemixer_base,BIR_A4540,4
48,12837,4.347830338314926,6.900735813216681,50.04936717488589,0.0369567266440699,-1.33919881691793,timemixer_base,BIR_A4540,4
1,12837,3.094293180366464,4.425572365580765,40.53818331939608,0.6033989321358851,-0.6541201902915172,no_embedding,BIR_A4540,4
6,12837,4.052667908398934,6.312048899271686,48.73645321209184,0.1932493646182113,-1.8028685580122144,no_embedding,BIR_A4540,4
12,12837,4.428051477460797,6.997456322195296,51.175090916124574,0.0086437260887417,-1.7103071975807371,no_embedding,BIR_A4540,4
24,12837,4.594252729516651,7.17278317125318,53.376295385536,-0.0416151472542067,-1.8842404926989584,no_embedding,BIR_A4540,4
48,12837,4.663396880252344,7.365265674581409,54.11978177522185,-0.0970636708153651,-1.80393986872324,no_embedding,BIR_A4540,4
1,12837,4.989504145781478,6.913825353050292,53.053717481468944,0.0320525150777973,2.482410116092878,no_context,BIR_A4540,4
6,12837,5.224565863853082,7.389534703387804,55.671363834850624,-0.1056885005772068,1.5754829901112772,no_context,BIR_A4540,4
12,12837,5.080019627322176,7.32727652119816,55.29234544898807,-0.0870124789878146,0.6406181083087137,no_context,BIR_A4540,4
24,12837,4.992408753288789,7.093093062930674,55.91140549740598,-0.0185988874733546,0.4346552496086616,no_context,BIR_A4540,4
48,12837,5.640938163553526,7.694009350768547,61.43544333789035,-0.1971826635834113,1.028550759163324,no_context,BIR_A4540,4
1,12837,4.187555487613083,6.054174441536261,48.0005232334104,0.2577933406582597,0.787767093308555,base_only,BIR_A4540,4
6,12837,4.382237723168159,6.585401427351044,49.96137474703048,0.1218613070092489,-0.324350395786843,base_only,BIR_A4540,4
12,12837,4.582171362520536,6.993872237722266,52.36329849016232,0.0096590077905842,-0.8237818145390713,base_only,BIR_A4540,4
24,12837,4.738463084750377,7.099504716948621,54.18719138426584,-0.0204412023362412,-0.7660468458836812,base_only,BIR_A4540,4
48,12837,4.840265102321749,7.407962669129864,55.67128202701556,-0.1098200586947442,-1.2402168296087732,base_only,BIR_A4540,4
1,12175,3.457083116410017,4.659623651135136,49.242975314864594,0.5006429382134099,1.3985228386293571,robust_rolling_hybrid,HP1,0
6,12175,3.6021674671732127,5.300623542978058,48.87837763817961,0.3489935770853006,0.3264281512699047,robust_rolling_hybrid,HP1,0
12,12175,4.065654964263535,6.003396445155851,52.63659969799519,0.1532829832849955,0.4972994522195094,robust_rolling_hybrid,HP1,0
24,12175,4.612851553366885,6.677535891574684,58.67316707930463,-0.0711247055516639,0.878116315128905,robust_rolling_hybrid,HP1,0
48,12175,5.132926521401935,7.2780786280292995,64.51313613454123,-0.3082091354975771,1.2433627004517371,robust_rolling_hybrid,HP1,0
1,12175,4.028210151149017,5.257288629262337,53.15997265610301,0.3643278924896154,2.5856281289305287,robust_static_hybrid,HP1,0
6,12175,3.864677969354379,5.457988346596353,51.153487357163165,0.3097656647541771,1.0797470901022213,robust_static_hybrid,HP1,0
12,12175,4.48464807746102,6.280322760573503,56.38265373756632,0.0733661349838715,1.522182948533025,robust_static_hybrid,HP1,0
24,12175,5.253547612267108,7.029603583738954,64.25177028447358,-0.1870506331787587,2.2015024931401443,robust_static_hybrid,HP1,0
48,12175,5.919106862895053,7.835793245272053,68.54621511472273,-0.5163855166349478,2.963783820152772,robust_static_hybrid,HP1,0
1,12175,3.3156862039267403,5.21226595852235,43.48776299259077,0.3751688832270736,0.0306092952825205,timemixer_base,HP1,0
6,12175,3.589380438183367,5.737325013687098,46.56963732155059,0.2373061281624131,-0.323190326487504,timemixer_base,HP1,0
12,12175,3.784600169641526,6.230116396044765,48.58318862792045,0.0881223702452203,-0.8236631298970882,timemixer_base,HP1,0
24,12175,4.018763176129339,6.414262219002929,51.73418953909487,0.0116722380841353,-0.0545727979353566,timemixer_base,HP1,0
48,12175,3.848983065903309,6.609440027170413,50.52340275552456,-0.0788797054623489,-0.8673654557033241,timemixer_base,HP1,0
1,12175,3.1731392670338647,4.498849633654379,44.006967963880136,0.5345077340063777,0.5729936525978346,no_embedding,HP1,0
6,12175,3.470072793390227,5.296510695473788,48.40661927208981,0.3500034399303348,-0.721227427412597,no_embedding,HP1,0
12,12175,3.807125000226669,5.937884798483826,51.92669951173679,0.1716616365099087,-0.7536158135221235,no_embedding,HP1,0
24,12175,3.986615811307328,6.570724565572885,54.65798581828029,-0.0371321560499109,-1.8982351918264584,no_embedding,HP1,0
48,12175,4.161536088628691,6.686512576759507,56.340493794974506,-0.1041879997283516,-1.1284179127020513,no_embedding,HP1,0
1,12175,4.65949129130806,6.330560660939696,56.91849945440861,0.0782909254157714,2.8606634257388066,no_context,HP1,0
6,12175,4.81593798961238,6.4733413345332,59.38844668994394,0.02906900261256,2.442203480181508,no_context,HP1,0
12,12175,4.8791765207407165,6.715782447354534,59.61270488976099,-0.0595890917113952,2.011377000933555,no_context,HP1,0
24,12175,5.628837440510795,7.3571094512708335,66.77746301340214,-0.3002354677866627,2.83238743111583,no_context,HP1,0
48,12175,5.895144546235121,7.85934124783069,68.31618181764466,-0.5255132470996791,2.804576463887824,no_context,HP1,0
1,12175,3.7524444458739215,5.853276340251592,46.99793231940488,0.2120338333779516,0.4830835202464822,base_only,HP1,0
6,12175,3.839065530380919,6.153984719095298,48.65948911065417,0.1225059545551451,-0.0813390735654615,base_only,HP1,0
12,12175,3.9448563319383454,6.4111696116851125,51.24015667594484,0.034352159273429,-0.52693444951359,base_only,HP1,0
24,12175,3.8840515459954617,6.449322733915748,51.26102353117075,0.0008382617284103,-1.062092994779532,base_only,HP1,0
48,12175,3.894045214616298,6.696419099664903,52.82111325969557,-0.1074622826291711,-1.5240924225475263,base_only,HP1,0
1,12175,3.179020089985744,4.368479790453548,45.32121146753377,0.5610953562761805,0.6085744227002982,robust_rolling_hybrid,HP1,1
6,12175,3.823164435782729,5.4135689615419045,51.85888426577622,0.3209547775626764,0.7805540920362619,robust_rolling_hybrid,HP1,1
12,12175,4.315139505472578,6.353099541886095,55.09265135912369,0.051765918765352,0.7689459584663106,robust_rolling_hybrid,HP1,1
24,12175,5.0602182272200364,7.444954526407092,61.53668393106442,-0.3314708820382486,1.014969936816141,robust_rolling_hybrid,HP1,1
48,12175,4.782359614731051,7.087771398389391,61.39292877551963,-0.2406894661669836,0.6004314518469341,robust_rolling_hybrid,HP1,1
1,12175,3.4404021910010423,4.703303981608513,46.54477467883298,0.4912368922606831,1.283406453972235,robust_static_hybrid,HP1,1
6,12175,4.313156074104368,5.741200058911823,56.17871001434152,0.2362755184909533,1.843585308893016,robust_static_hybrid,HP1,1
12,12175,4.820828999794974,6.631750230219839,60.175287881301664,-0.033238458516422,1.833510164702942,robust_static_hybrid,HP1,1
24,12175,5.426290687635939,7.620701563474609,63.76014038370178,-0.3950747658770901,2.096226266015482,robust_static_hybrid,HP1,1
48,12175,5.252314989845855,7.258391340176717,64.94755449133214,-0.3011412657405243,1.7935844148453746,robust_static_hybrid,HP1,1
1,12175,3.333467618138883,5.533352924813479,43.905505076189854,0.2958158331775555,-1.15694196488823,timemixer_base,HP1,1
6,12175,3.6433239134209847,6.139139568412736,47.23281020830756,0.1267343756785937,-0.9979762116815032,timemixer_base,HP1,1
12,12175,3.723152590255718,6.261754305640567,47.709405786834665,0.078837421693057,-1.0114399812378188,timemixer_base,HP1,1
24,12175,3.9839948853452594,6.61836399858658,50.620131714735074,-0.0522256207360971,-0.5092560464278384,timemixer_base,HP1,1
48,12175,4.06394915645617,6.607063021669744,52.15870155430402,-0.0781038328203107,-0.0945057088369216,timemixer_base,HP1,1
1,12175,3.090393011964077,4.470723184218871,44.97410503916196,0.5403099806512965,-0.4000096832824683,no_embedding,HP1,1
6,12175,3.525905524260944,5.641813961331152,49.39627711883298,0.2624883695624923,-1.5114930839913092,no_embedding,HP1,1
12,12175,3.745932417628212,5.964641263076373,51.383618874731,0.1641797328809308,-1.1776472310731054,no_embedding,HP1,1
24,12175,4.0674589020540095,6.779674697891775,56.530635477573625,-0.104142906101837,-2.2140489061338946,no_embedding,HP1,1
48,12175,4.393911448119847,6.90239143419121,59.84704089415755,-0.1766379735750032,-0.9572702183640224,no_embedding,HP1,1
1,12175,4.944427439992677,6.7906270264857005,56.8321258840659,-0.0605454112440111,2.9338563181854616,no_context,HP1,1
6,12175,5.429970594350807,7.081665828635262,63.85777538469228,-0.1619895160006548,3.2357158969388604,no_context,HP1,1
12,12175,5.283526927732099,7.123273081714817,63.355094559433816,-0.1920745840472062,2.4949838131776336,no_context,HP1,1
24,12175,5.493039579354762,7.677339050906479,64.72815090344662,-0.4158883734907399,2.052552583763487,no_context,HP1,1
48,12175,5.039204279267568,7.210479415611202,62.70153386624176,-0.2840205488853484,1.3864380081698635,no_context,HP1,1
1,12175,3.4436292117014067,5.563924368905429,44.86733950432264,0.2880131871384309,-0.4455509646203239,base_only,HP1,1
6,12175,3.698194779994796,6.183751436739086,48.40815345720499,0.1139965773115323,-1.2281404266734388,base_only,HP1,1
12,12175,3.826706278473445,6.318020694837861,50.85568316888422,0.0622084206737195,-1.255180403390704,base_only,HP1,1
24,12175,4.031204818443107,6.736932954827529,53.67188240740451,-0.090264886026504,-1.3364752189261222,base_only,HP1,1
48,12175,3.912068551240271,6.715560873530553,52.9687755022166,-0.1138027134570278,-1.7158687387673028,base_only,HP1,1
1,12175,3.0811699568983704,4.244649927727012,46.1076332878046,0.5856252628111528,0.4274780131158661,robust_rolling_hybrid,HP1,2
6,12175,3.514882925701529,5.229551071957987,47.57612722036165,0.3663343455282288,0.200052951089372,robust_rolling_hybrid,HP1,2
12,12175,3.8666297546096073,5.734304643798512,51.82543137860857,0.2274870576740159,0.1656901369821729,robust_rolling_hybrid,HP1,2
24,12175,4.052019030137891,6.362343809592915,53.12202574070757,0.0276069588177592,-0.3682077469302544,robust_rolling_hybrid,HP1,2
48,12175,4.964827302310219,7.130455362147379,62.05087991299935,-0.2556778176911516,0.9333466966021268,robust_rolling_hybrid,HP1,2
1,12175,3.232791851842183,4.397132693162971,46.286905521504885,0.5553189144192703,0.9334805171714916,robust_static_hybrid,HP1,2
6,12175,3.721578727196864,5.379352172069366,49.199059880946514,0.3295115427100559,0.8419406610519244,robust_static_hybrid,HP1,2
12,12175,4.2153086538016185,5.94128497970198,55.66741019803984,0.1707127104055049,1.0033794798131352,robust_static_hybrid,HP1,2
24,12175,4.190476849507502,6.408703035095861,54.56893571335763,0.01338464542666,0.1744754880287319,robust_static_hybrid,HP1,2
48,12175,5.693627537195198,7.596025720046144,67.56217748021909,-0.425005512818978,2.443544149792904,robust_static_hybrid,HP1,2
1,12175,3.267715196205605,5.322003425428968,43.363810462906834,0.3485819120304618,-1.163097748680526,timemixer_base,HP1,2
6,12175,3.464191255988037,5.725220251597195,45.25725157578763,0.2405210370766264,-0.8865851706523425,timemixer_base,HP1,2
12,12175,3.6340859826414,6.069655508868924,46.80639338680715,0.1344895293065037,-0.9454424169102732,timemixer_base,HP1,2
24,12175,3.751551846451828,6.277394744449588,48.26276170957078,0.0534001020107463,-0.8773351980748852,timemixer_base,HP1,2
48,12175,3.733404281508996,6.343331594443312,48.96465721685621,0.0062468453277363,-0.8714304546825206,timemixer_base,HP1,2
1,12175,3.1078071587457794,4.286404415732848,44.90732796890549,0.5774327828989164,0.3025124438513965,no_embedding,HP1,2
6,12175,3.420755642618242,5.189296671341059,46.9586077016594,0.3760520660994055,-0.3591457640243506,no_embedding,HP1,2
12,12175,3.7682438668749416,5.874045398660094,50.681255591736594,0.189377156639388,-0.6655021877724532,no_embedding,HP1,2
24,12175,3.983968558989511,6.697136055689468,54.32841159011351,-0.0774219480928717,-1.9351194058380088,no_embedding,HP1,2
48,12175,4.344135099203925,6.957036038622164,57.35156763480023,-0.1953420499807612,-0.8444693380386188,no_embedding,HP1,2
1,12175,4.3783570288901945,6.333496801182128,53.00172074009946,0.0774357421738362,2.25506423708105,no_context,HP1,2
6,12175,4.519272899478368,6.516343684462225,55.420564544216376,0.0161263838096987,1.899068132913088,no_context,HP1,2
12,12175,5.071665743868453,6.727995354364191,62.99268166592536,-0.0634464023649723,2.34539211134891,no_context,HP1,2
24,12175,4.755658802949427,6.756492187780252,60.58561079905653,-0.0966047742010465,1.0324558979407472,no_context,HP1,2
48,12175,5.93566625048982,7.927700524219681,68.91916301823001,-0.5521659897730262,2.632249079536364,no_context,HP1,2
1,12175,3.561507363982759,5.750316314786191,45.22081508113858,0.2395109166406683,0.1075542606489859,base_only,HP1,2
6,12175,3.836253150755375,6.140910220369678,48.951603179384286,0.1262305681159196,0.0862966044262449,base_only,HP1,2
12,12175,3.868394557266999,6.304938296764632,50.41183368305377,0.0660880726735608,-0.7770398306528401,base_only,HP1,2
24,12175,3.792633004014742,6.483813744629266,50.67700078708325,-0.0098773595493526,-1.4451382888930044,base_only,HP1,2
48,12175,3.850970792577008,6.668647593802814,52.02897146337511,-0.0982955566148235,-1.7422849762243902,base_only,HP1,2
1,12175,3.288874337253223,4.5099884115555895,45.81815900426246,0.5321998401128254,1.2584538261629958,robust_rolling_hybrid,HP1,3
6,12175,4.058640758404239,5.788818728706647,52.950808759172425,0.2235540096105924,0.9031769799085602,robust_rolling_hybrid,HP1,3
12,12175,4.623353907655526,6.586911085519223,58.22985175043146,-0.0193136562831939,1.1413569748912438,robust_rolling_hybrid,HP1,3
24,12175,4.7829555684923735,6.975143969948454,59.99514155952111,-0.1687292854990607,0.7685497079587013,robust_rolling_hybrid,HP1,3
48,12175,4.636727412934492,6.85445621949814,59.12909499932578,-0.1603518661178793,0.5701894456024973,robust_rolling_hybrid,HP1,3
1,12175,3.780107609973551,4.95782633717904,50.7675479407165,0.4346828843495708,2.2245580455336484,robust_static_hybrid,HP1,3
6,12175,4.507552951843587,6.116112466888054,56.69185741705508,0.1332730976881087,1.9067445775052605,robust_static_hybrid,HP1,3
12,12175,5.359093842190639,7.15281749994289,63.9517058102881,-0.2019835646429582,2.5169149845165397,robust_static_hybrid,HP1,3
24,12175,5.3216128595776135,7.291032915665354,64.05235017709784,-0.2769846950323886,2.0335059205633903,robust_static_hybrid,HP1,3
48,12175,5.004805180436532,7.010863776401608,61.813711200734765,-0.2139107256551349,1.6475063800248766,robust_static_hybrid,HP1,3
1,12175,3.158181877104409,5.075746020053781,42.410611377960514,0.4074714519494394,-0.807034109605656,timemixer_base,HP1,3
6,12175,3.611036369675728,5.926466744735953,46.81924810982567,0.1861899391018814,-0.6285337066968608,timemixer_base,HP1,3
12,12175,3.9773141981272726,6.714116497378534,50.07895352141578,-0.0590634631667332,-0.7277376455276654,timemixer_base,HP1,3
24,12175,4.122023810902171,6.973957965780887,51.59682382739364,-0.1683318743584463,-0.7847599482756621,timemixer_base,HP1,3
48,12175,4.281755211341063,6.99778538662526,53.27597248154337,-0.2093859794271986,-0.1899906934678432,timemixer_base,HP1,3
1,12175,2.885370436436832,4.113072322556652,41.26022609386532,0.6109170445810761,0.2174799312238086,no_embedding,HP1,3
6,12175,3.4044958960079805,5.351759524850144,46.55551281956601,0.3363722585951624,-0.8423810854805078,no_embedding,HP1,3
12,12175,3.9027681417582714,6.186252017223147,52.05398930526241,0.1009176803079447,-0.859654200605788,no_embedding,HP1,3
24,12175,4.16043522562824,6.620355081284603,56.40897985236157,-0.0528588235550122,-1.3408998199140756,no_embedding,HP1,3
48,12175,4.149883749286742,6.688836234873129,55.662929781532526,-0.1049555751103763,-1.0600521900790918,no_embedding,HP1,3
1,12175,4.569429521372186,6.15456338916539,56.05458658179175,0.1288277920440194,2.842781733945165,no_context,HP1,3
6,12175,5.070981340063181,6.696938985111191,61.08976204325662,-0.0391638621712893,2.660577072742294,no_context,HP1,3
12,12175,5.630024600104875,7.454587326680295,66.04986748705576,-0.3055438216229655,2.6869420422934898,no_context,HP1,3
24,12175,6.03981146933117,7.848111805515524,69.30855876944614,-0.4795782459266671,3.0841851629736,no_context,HP1,3
48,12175,5.163761190420793,7.128891801514404,63.07293650672616,-0.2551271899836111,1.9365349365039528,no_context,HP1,3
1,12175,3.439388904794286,5.34873914263248,44.61162491778857,0.3420205198684459,0.1591655449284665,base_only,HP1,3
6,12175,3.68971971414662,5.887681925834293,47.83800245216327,0.1968067859058556,-0.3730511198224963,base_only,HP1,3
12,12175,4.014259941306202,6.428354346357976,51.77683112799176,0.0291685054133101,-0.6015323437631008,base_only,HP1,3
24,12175,4.20371269382001,6.834097646830127,54.89711122925855,-0.121940780142792,-0.8489415643322884,base_only,HP1,3
48,12175,4.2490367069112205,6.974997749136866,56.80518360959046,-0.2015222979846422,-1.1277695133529404,base_only,HP1,3
1,12175,2.690940444879624,3.882551621240745,39.75221650689155,0.6533078634553754,0.087774784916759,robust_rolling_hybrid,HP1,4
6,12175,3.353036082009922,5.031748369536142,45.67134845177701,0.41336336596787,-0.1115730823718975,robust_rolling_hybrid,HP1,4
12,12175,3.929693864072132,6.099652257035445,51.62102369275394,0.1259135387859415,-0.3824935935935719,robust_rolling_hybrid,HP1,4
24,12175,4.108973533697551,6.392267651560855,53.5214089056974,0.0184385882077828,-0.3264772789434843,robust_rolling_hybrid,HP1,4
48,12175,4.237276637119228,6.36376477606377,57.07877104930818,-0.0001656344741407,-0.2773934358728171,robust_rolling_hybrid,HP1,4
1,12175,2.7839220944542657,3.972721833493861,40.61543398036704,0.6370173822144136,0.3788341653493885,robust_static_hybrid,HP1,4
6,12175,3.4287100311446728,5.0582778256791885,46.47020892056196,0.4071610770659269,0.2017539407658626,robust_static_hybrid,HP1,4
12,12175,4.031963255691822,6.183663139241408,52.223510636527614,0.1016700348432301,0.0525200876391643,robust_static_hybrid,HP1,4
24,12175,4.145138122974236,6.365632543150781,53.33951410183236,0.0266014274477871,0.0861258592473408,robust_static_hybrid,HP1,4
48,12175,4.323768644217838,6.374227787538885,56.92234183762793,-0.0034571915026042,0.2896933063515892,robust_static_hybrid,HP1,4
1,12175,3.1021487593283643,4.919986440631487,42.10459253628267,0.443279356187278,-0.1979614171967124,timemixer_base,HP1,4
6,12175,3.591261553683565,5.83767057830113,46.97220615962421,0.2103938559903938,-0.4217218824700898,timemixer_base,HP1,4
12,12175,3.84666142297966,6.551294990596444,49.32538537816762,-0.0083203934797821,-0.874336168058599,timemixer_base,HP1,4
24,12175,3.935793291942295,6.463270182248073,50.61347693625354,-0.0034880299409583,-0.4164995604398559,timemixer_base,HP1,4
48,12175,4.135121492078906,6.554017308004974,52.65016828296677,-0.0608619167041049,0.015302398182773,timemixer_base,HP1,4
1,12175,2.6254983319271763,3.79948767131065,39.69837403856056,0.6679835564285588,-0.661163029144432,no_embedding,HP1,4
6,12175,3.5345202465542043,5.649776382098319,47.94821730065858,0.2604051665809785,-0.9643459727215816,no_embedding,HP1,4
12,12175,3.819988431977051,6.256423052328345,51.34066990140756,0.0804053083321411,-1.1804063099194355,no_embedding,HP1,4
24,12175,3.9669627516788624,6.499960722197802,54.20294281836729,-0.0149135225654097,-1.4922982918775547,no_embedding,HP1,4
48,12175,4.119277706422845,6.716645430772679,55.55916400708218,-0.1141624988468159,-1.3009107450268842,no_embedding,HP1,4
1,12175,3.454014919433261,5.220473924715986,44.8506356790482,0.3731994400615491,0.7655967770440377,no_context,HP1,4
6,12175,3.790447117109808,5.628057981740203,49.169123668760456,0.2660804152771773,0.4578390745827794,no_context,HP1,4
12,12175,4.116242786371733,6.382721200602289,52.46286919159579,0.0429029227877756,0.1518709345152735,no_context,HP1,4
24,12175,4.156650760102811,6.36586718484878,53.58842249267565,0.0265296658115837,0.1217840672445003,no_context,HP1,4
48,12175,4.302494239564794,6.40404031584522,57.17933998835756,-0.0128655638319639,0.1031757265561904,no_context,HP1,4
1,12175,3.1242526394801957,4.921257211349009,42.72792775368758,0.4429917311439546,-0.4375281589599116,base_only,HP1,4
6,12175,3.5932699731120827,5.778616713285833,46.92643787551981,0.2262883615439911,-0.5978575731082618,base_only,HP1,4
12,12175,3.808781468718938,6.369307137377098,50.1441917287509,0.0469216067962322,-1.0872402887642996,base_only,HP1,4
24,12175,3.872362517549272,6.432701635043738,51.448592445274656,0.0059816750306309,-1.041726676989385,base_only,HP1,4
48,12175,3.879880117471703,6.594339261712625,52.4821197345882,-0.0739554462087359,-1.4164595110925562,base_only,HP1,4
1,12791,3.3453299561319327,4.624532417599072,48.55318321689937,0.461775670089154,0.8777856213962129,robust_rolling_hybrid,CHB,0
6,12791,4.257339097863049,5.784106769294253,57.99397917537458,0.1581411199025985,1.2799296840987977,robust_rolling_hybrid,CHB,0
12,12791,5.557005486840739,6.965272718480984,69.17417987847212,-0.2207627725440899,2.952315382440049,robust_rolling_hybrid,CHB,0
24,12791,4.578362587598414,6.293866091365624,61.12072013824772,0.0035167139943033,1.0454607872445636,robust_rolling_hybrid,CHB,0
48,12791,4.455089038471753,6.30359178482591,60.15984730455964,0.0013697450763963,0.5590594325523482,robust_rolling_hybrid,CHB,0
1,12791,3.9492811230069895,5.1110945584332175,55.15700789776205,0.3425609431222151,1.906468598630922,robust_static_hybrid,CHB,0
6,12791,5.376156783288708,6.697250262095355,67.72009733983369,-0.1286512087215316,2.9565581636205254,robust_static_hybrid,CHB,0
12,12791,7.89755088727554,9.237717001704835,83.03253803600583,-1.1472585113499705,5.915510700942344,robust_static_hybrid,CHB,0
24,12791,5.592695941029465,7.077881513002058,69.64485139243064,-0.2602061584630486,2.5893953293934726,robust_static_hybrid,CHB,0
48,12791,5.202008227357768,6.758579610018738,67.43277391684694,-0.1479934900234081,1.8525758869413027,robust_static_hybrid,CHB,0
1,12791,3.165587191767982,5.000182189537558,44.06903458635448,0.3707846236693374,-0.4552174724522547,timemixer_base,CHB,0
6,12791,3.374201224372577,5.268650249731679,46.61370672064953,0.3015015696981176,-0.3070847141554912,timemixer_base,CHB,0
12,12791,3.4954329436590594,5.48556342389242,48.2856224050412,0.2428228360650377,-0.458759127983774,timemixer_base,CHB,0
24,12791,3.703836586005702,5.735900232938044,50.63349701800459,0.172366237103563,-0.4158056676958623,timemixer_base,CHB,0
48,12791,3.7406078655339416,5.908490165511307,51.50063587100748,0.1226324013890269,-0.7274013851078222,timemixer_base,CHB,0
1,12791,3.402485462553469,4.852866921086462,55.055050667613216,0.4073143213803154,-0.8529995138690746,no_embedding,CHB,0
6,12791,3.7711672009880552,5.734954985025294,54.13335994362547,0.1723881089238427,-0.9781067547174384,no_embedding,CHB,0
12,12791,4.3051190927325305,6.602012577485829,59.62478934118829,-0.096750196009137,-0.9431272857563928,no_embedding,CHB,0
24,12791,4.893985243472387,7.214064454365034,68.54289089323626,-0.3091670251819209,-1.1406657015927355,no_embedding,CHB,0
48,12791,4.864489816919641,7.1047188048353656,65.52137110835446,-0.2685931014844818,-0.7266076704406094,no_embedding,CHB,0
1,12791,4.48721903824548,5.9149575811826205,58.87454739722933,0.1194968006851705,2.2670219891590526,no_context,CHB,0
6,12791,5.901787208860515,7.212790618560226,71.33897912561736,-0.3091015754686239,3.6269332988075687,no_context,CHB,0
12,12791,8.163531002065861,9.52439655896928,84.37028928018546,-1.2826007984889083,6.175189946971286,no_context,CHB,0
24,12791,6.025830286219116,7.509350985313274,72.44023326953314,-0.4185342584495906,3.0888008881844047,no_context,CHB,0
48,12791,4.896402138191777,6.592356285198472,64.93531787613006,-0.0922194333953361,1.0812251183644348,no_context,CHB,0
1,12791,3.569478074345714,5.538460460795947,48.80954980932605,0.2280204628521605,-0.0601522957872779,base_only,CHB,0
6,12791,3.944269996893368,6.111331226124979,53.09362947618108,0.0601937252977993,-0.417661444540971,base_only,CHB,0
12,12791,4.3587039484449575,6.772920233199167,57.81466769426529,-0.1542687755210456,-0.4393973342638039,base_only,CHB,0
24,12791,4.192330140974913,6.80950062832835,58.39599923762361,-0.1664484492126718,-1.5301165575844975,base_only,CHB,0
48,12791,4.121819835484433,6.689200946623721,57.83524111778256,-0.1245455281040781,-1.8478555409548645,base_only,CHB,0
1,12791,3.1719122545223466,4.739321259256432,45.857407961828194,0.4347247549833654,-0.111084934540189,robust_rolling_hybrid,CHB,1
6,12791,4.056097250871999,5.75597667733958,55.03925734089172,0.1663097042201324,0.6513130762834901,robust_rolling_hybrid,CHB,1
12,12791,4.258559301253247,6.09646684606825,57.44271332308939,0.0647850112722026,0.6000817565597009,robust_rolling_hybrid,CHB,1
24,12791,4.804050860524551,6.632607318591962,62.838293328534505,-0.1066329394880805,0.9186448007614304,robust_rolling_hybrid,CHB,1
48,12791,4.7679705962295325,6.692186250658525,63.4578019455163,-0.1255494923882008,0.3959739333541499,robust_rolling_hybrid,CHB,1
1,12791,3.250864321558901,4.811912608730744,47.01199851711296,0.4172756956827258,0.040333443168749,robust_static_hybrid,CHB,1
6,12791,4.6517992696793495,6.192022637196375,60.596353590070734,0.0352122823173717,1.7472572661205263,robust_static_hybrid,CHB,1
12,12791,4.91964683185856,6.543426943013153,63.88722304048309,-0.0773716461366873,1.732853976145099,robust_static_hybrid,CHB,1
24,12791,5.755034155991637,7.35413656398298,70.66658315822497,-0.3604995488983,2.376158282561509,robust_static_hybrid,CHB,1
48,12791,5.48743853598225,7.271849498222925,69.92135846420805,-0.3289796218028815,1.448623818348062,robust_static_hybrid,CHB,1
1,12791,3.3410822686054624,5.017485911990787,46.24469475616051,0.366422139652792,0.6633171987278673,timemixer_base,CHB,1
6,12791,3.672686276705613,5.468846879653398,49.55571807775797,0.247410381899634,0.6933981468789637,timemixer_base,CHB,1
12,12791,3.8220000635777502,5.756858669249211,50.90215866261467,0.1660765982332657,0.4352304754150677,timemixer_base,CHB,1
24,12791,4.104837091938016,6.192368049914849,53.74314697347369,0.0353971430794514,0.3466187748487463,timemixer_base,CHB,1
48,12791,4.1877935442419085,6.439850905780775,54.76693682170247,-0.0422698699591961,-0.0413425705249944,timemixer_base,CHB,1
1,12791,3.157084672584152,4.613231383569104,47.375346548758536,0.4644029884794698,-0.515221119722678,no_embedding,CHB,1
6,12791,3.876299713139249,6.02428983175308,55.62154624934099,0.0867736986828212,-1.412548576537341,no_embedding,CHB,1
12,12791,4.289096695000875,6.459795152107891,60.24439051018645,-0.0500077833987244,-0.9166399173612712,no_embedding,CHB,1
24,12791,4.917445198906036,7.155185740075844,66.22740778600442,-0.2878842897603948,-0.4024522518225788,no_embedding,CHB,1
48,12791,5.299171799171307,7.517500414668579,71.00689479884528,-0.4202849308599903,-0.373269192285538,no_embedding,CHB,1
1,12791,3.485302294763135,5.339817844992781,48.46776297622399,0.282403099578115,-0.2859101889082847,no_context,CHB,1
6,12791,4.85654804848071,6.435717811527707,61.77673191463205,-0.0422230686967091,2.084648669811002,no_context,CHB,1
12,12791,4.664291702265074,6.373239842940318,61.221037542131015,-0.0220580212444654,1.4473705306624745,no_context,CHB,1
24,12791,5.405219824807739,7.073324723160875,67.74145458610381,-0.2585840216468424,1.8883762344392951,no_context,CHB,1
48,12791,5.166844355726613,7.004276801893552,66.22243382634419,-0.2329775215420888,1.13874656334432,no_context,CHB,1
1,12791,3.5237269347833418,5.5494029426259095,49.35883065530871,0.2249670089309332,-0.8897596968726849,base_only,CHB,1
6,12791,3.653420993832975,5.839503300611541,50.780261388599286,0.1419383113800505,-1.1918166558256125,base_only,CHB,1
12,12791,3.9133700998328886,6.284050385781959,54.91673518906418,0.0063479265853968,-1.4949815200252796,base_only,CHB,1
24,12791,4.120680720936273,6.665795024095557,57.019697355172205,-0.1177352077658011,-1.6018884002232736,base_only,CHB,1
48,12791,4.230833302847514,6.741363882673769,58.24778328744871,-0.1421525078025765,-1.603263674576347,base_only,CHB,1
1,12791,3.174142098601771,4.652347827550072,45.90619485803757,0.4552816282126174,0.2440829354996559,robust_rolling_hybrid,CHB,2
6,12791,4.098102759532476,5.848101134724921,55.49125292372306,0.1394097048139096,0.3412436288672548,robust_rolling_hybrid,CHB,2
12,12791,5.084007495087924,6.537511875040695,65.69645484780423,-0.0754247011507955,1.9370117395195825,robust_rolling_hybrid,CHB,2
24,12791,4.585062555851809,6.449651909815468,61.315250457354175,-0.0464237161327267,0.2856797059994079,robust_rolling_hybrid,CHB,2
48,12791,4.39840633686843,6.3869732509316535,59.96783042920245,-0.0252239719921543,-0.2486531800864826,robust_rolling_hybrid,CHB,2
1,12791,3.4033153173560677,4.8412204869128725,49.06073507969042,0.4101556899822568,0.7498909785578187,robust_static_hybrid,CHB,2
6,12791,4.695139353167982,6.357021806966178,61.56383210311922,-0.0168902835856772,1.1808923755183882,robust_static_hybrid,CHB,2
12,12791,6.762245287474928,8.09617574446257,77.17510663672402,-0.6493578040305017,4.222458332072215,robust_static_hybrid,CHB,2
24,12791,5.2811116332401005,7.017755192379323,67.4784701918517,-0.23888629849911,1.2764354500386317,robust_static_hybrid,CHB,2
48,12791,4.716073977818855,6.633951937677567,62.92041120268062,-0.1060460250889421,0.359028041927774,robust_static_hybrid,CHB,2
1,12791,3.123709341960081,5.007788635997753,43.709324316609504,0.3688688000957743,-0.6865881573088184,timemixer_base,CHB,2
6,12791,3.385599741985544,5.323581877763883,46.538093007829005,0.2868603702938123,-0.5184254338037939,timemixer_base,CHB,2
12,12791,3.538661852001342,5.539801312388077,48.607460724482216,0.2277758068084723,-0.5620522232107762,timemixer_base,CHB,2
24,12791,3.730147067535782,5.7888858766849625,50.945838764814326,0.1570050029004841,-0.5419783792541115,timemixer_base,CHB,2
48,12791,3.8535497572647848,5.9181241998421,52.625021474071474,0.119768901416992,-0.1720883497991178,timemixer_base,CHB,2
1,12791,3.602315141592757,5.172646399400835,64.46896620473068,0.3266307938723224,-1.7836634485483096,no_embedding,CHB,2
6,12791,3.946978167410043,6.241091808525964,56.3729673252157,0.0198606220713846,-1.8156253810948384,no_embedding,CHB,2
12,12791,4.462207543194998,6.623704967596124,61.00190107464302,-0.1039692730321759,-0.5225070529521915,no_embedding,CHB,2
24,12791,4.997128572036258,7.291124234987112,67.97132824628854,-0.3372851382152295,-0.7787833287280957,no_embedding,CHB,2
48,12791,5.133519038884199,7.401475895534306,68.14764155831863,-0.3767821159724054,-0.4182097342104994,no_embedding,CHB,2
1,12791,3.9498155855965216,5.63589746098743,53.10449368040734,0.2006189745390681,1.3687215133640542,no_context,CHB,2
6,12791,4.645130341048209,6.3214224637736365,61.11538210998128,-0.0055329953845821,1.1632641090557636,no_context,CHB,2
12,12791,6.438990508171021,7.844790372118648,75.53197839360472,-0.5485231835829245,3.5919417566137444,no_context,CHB,2
24,12791,4.9609862292517,6.726399411443306,64.96714958185524,-0.1381521562416234,0.9428033627859173,no_context,CHB,2
48,12791,4.724274148562704,6.606850695482775,62.84655242795466,-0.0970275716549236,0.4756427625592175,no_context,CHB,2
1,12791,3.482210350782436,5.512881069816796,49.44365880052013,0.2351347742415858,-1.027175560980376,base_only,CHB,2
6,12791,3.811355390618651,6.071240608047303,52.90508354666719,0.0724836275262944,-1.2719876687674048,base_only,CHB,2
12,12791,4.072856763788584,6.476433623955822,57.12631682548756,-0.0554237521461447,-1.3591010408583315,base_only,CHB,2
24,12791,4.207339079584744,6.80240729522185,58.92191715099186,-0.164019578606267,-1.8202293286952356,base_only,CHB,2
48,12791,4.432116237857318,7.120575613046711,62.98145367616841,-0.2742620902307005,-2.117943427203856,base_only,CHB,2
1,12791,3.0580897100967688,4.409913011722523,45.03740803895883,0.5105732356998856,0.2830190688822908,robust_rolling_hybrid,CHB,3
6,12791,4.218949360276011,5.779956225110689,57.31834441744047,0.1593488841946223,1.1013150402684335,robust_rolling_hybrid,CHB,3
12,12791,4.7471725313904525,6.39513969473636,63.13444216058499,-0.0290941209544406,1.0194351236705936,robust_rolling_hybrid,CHB,3
24,12791,5.428919153637679,7.037501698626264,68.66309583100906,-0.2458680450017665,1.806681119068273,robust_rolling_hybrid,CHB,3
48,12791,4.612245542495806,6.54401536006525,62.16664567770318,-0.0762599458549855,0.4244377615098508,robust_rolling_hybrid,CHB,3
1,12791,3.192213979849468,4.499269009080654,46.34011291614828,0.4905382421021318,0.7342157868709065,robust_static_hybrid,CHB,3
6,12791,5.254999605120836,6.595282682233239,67.1104306122679,-0.094544756017544,2.617270313248186,robust_static_hybrid,CHB,3
12,12791,5.877340361541183,7.373581770263359,71.90644591314891,-0.3680816806723317,2.6581716263998327,robust_static_hybrid,CHB,3
24,12791,7.141286600770528,8.702850667636287,79.82663841427727,-0.9052768232754952,3.975754445051021,robust_static_hybrid,CHB,3
48,12791,5.553075478771678,7.289848679948562,71.2739186093445,-0.3355667079715418,1.6110830783631969,robust_static_hybrid,CHB,3
1,12791,3.0732440916950527,4.824466823043025,44.09465127787897,0.414231089677995,-0.7242911790626695,timemixer_base,CHB,3
6,12791,3.38735277642512,5.182970271771686,46.75475386346268,0.3240351226627221,-0.0086900835271251,timemixer_base,CHB,3
12,12791,3.596703499354048,5.50310261469992,49.2207193835828,0.2379731954803106,0.0308181223175652,timemixer_base,CHB,3
24,12791,3.783068218263867,5.854290209379701,51.56459526217535,0.1378486421923491,-0.2802113269472987,timemixer_base,CHB,3
48,12791,3.832544285468813,6.1446363192704245,52.57307260561713,0.0510989551802316,-0.8630050732589255,timemixer_base,CHB,3
1,12791,3.0742818633608917,4.485319154602639,47.69307167916831,0.4936924878134869,-0.8056011425990754,no_embedding,CHB,3
6,12791,3.8664702202548975,6.088254834585033,55.702097707080505,0.0672777438410242,-1.653655764191688,no_embedding,CHB,3
12,12791,4.2682096185236205,6.581954289291643,59.515324124510045,-0.0900960090972964,-1.1792585045406812,no_embedding,CHB,3
24,12791,4.857301123796165,7.258780101157826,66.76488398022737,-0.3254468016003582,-1.013507422987966,no_embedding,CHB,3
48,12791,5.058514862128441,7.391116662962294,67.46631503075324,-0.3729308772769306,-0.6617996740456286,no_embedding,CHB,3
1,12791,3.666209829445646,5.250088728594472,50.95983411547675,0.3063171526748777,0.7491809768364452,no_context,CHB,3
6,12791,4.991267837075508,6.357450049482844,64.88917653113839,-0.0170272943858309,2.34121056643138,no_context,CHB,3
12,12791,6.250351150796026,7.714058495893161,74.34302308383639,-0.4973415689728215,3.138327836287878,no_context,CHB,3
24,12791,7.315139560184871,8.96535974161838,80.57570455993707,-1.0219502367482225,3.862320537280696,no_context,CHB,3
48,12791,6.004279926072097,7.595530657777549,73.41734400267221,-0.4499225350018174,2.555041329864276,no_context,CHB,3
1,12791,3.3912135508910697,5.351440406696532,47.630239541486006,0.2792758801886427,-0.6492155408998583,base_only,CHB,3
6,12791,3.802697476072696,6.028452761822943,52.66739389740699,0.085511139652977,-1.126347027938618,base_only,CHB,3
12,12791,4.03545027684335,6.40295367454587,55.83451675667218,-0.031610479864617,-1.111272330731608,base_only,CHB,3
24,12791,4.435618671375046,6.921314854731074,60.81403211723697,-0.2050698850837145,-1.0513792179939043,base_only,CHB,3
48,12791,4.619808271161489,7.083336233963296,62.30295094821221,-0.2609686019459516,-1.0717017849569874,base_only,CHB,3
1,12791,3.1541007066217768,4.484035295724143,46.07240863360629,0.493982292994262,0.4890004682288563,robust_rolling_hybrid,CHB,4
6,12791,4.71025219716453,6.165086748745909,62.31647960585075,0.0435878623166655,1.922124213117759,robust_rolling_hybrid,CHB,4
12,12791,4.757464691010585,6.316514226498905,63.33033726994355,-0.0039451435127069,1.4525752629268334,robust_rolling_hybrid,CHB,4
24,12791,5.106006206789441,6.716304754737355,66.02666828395056,-0.1347385516269466,1.5338525261232347,robust_rolling_hybrid,CHB,4
48,12791,5.392406733444594,6.916253322538769,68.19230231863739,-0.2021823332802235,2.1749563529383558,robust_rolling_hybrid,CHB,4
1,12791,3.475224799454357,4.719028608727031,50.13353048406184,0.4395551407983381,1.1735334994750346,robust_static_hybrid,CHB,4
6,12791,6.312469206031023,7.676473404439766,73.84359183326151,-0.4828260070663672,4.060236517865639,robust_static_hybrid,CHB,4
12,12791,6.112254950959626,7.4832587216819055,73.58587187775031,-0.4090829079856126,3.368647023299191,robust_static_hybrid,CHB,4
24,12791,6.3682323110030445,7.833499314656573,74.83440538894584,-0.5436421937187275,3.4526013676608645,robust_static_hybrid,CHB,4
48,12791,6.9945459901650455,8.413434246192407,77.91047793126923,-0.7789968029864902,4.544520900590072,robust_static_hybrid,CHB,4
1,12791,3.1503403037273894,4.9732093379116025,44.0475478488714,0.3775547598001223,-0.5172775866882151,timemixer_base,CHB,4
6,12791,3.4286510990184818,5.28034645948649,47.41794277616924,0.2983968456884763,-0.1048825578983241,timemixer_base,CHB,4
12,12791,3.531983787377523,5.583682464130432,48.50361023851997,0.2154936717249597,-0.6035009703877272,timemixer_base,CHB,4
24,12791,3.7199672281394935,5.911801136674492,50.8189424305213,0.1208263669992387,-1.0866462733593942,timemixer_base,CHB,4
48,12791,3.7748516087677526,6.010743609310687,51.072227186065525,0.0920018482805489,-0.8223950597352376,timemixer_base,CHB,4
1,12791,3.10958853417929,4.473485373026481,46.65719489977478,0.4963605827532921,-0.0806519953826269,no_embedding,CHB,4
6,12791,3.934643477363393,5.88586044955672,55.59484007504395,0.1282607164449395,-0.6335005458080595,no_embedding,CHB,4
12,12791,4.303001790081967,6.531950190922792,59.364938652775024,-0.073595678611013,-0.8007307789934948,no_embedding,CHB,4
24,12791,4.815953204639681,7.033576962594559,65.672087410667,-0.244478819123068,-0.7572330918304897,no_embedding,CHB,4
48,12791,4.63973865932454,6.899827256291252,63.23972102404723,-0.1964787605318361,-0.8984349086250434,no_embedding,CHB,4
1,12791,3.859264928228077,5.458126820193917,52.513951255123,0.2502526937377872,1.411902751662632,no_context,CHB,4
6,12791,6.392933997988105,7.775141183719785,73.98979667174997,-0.5211893033369872,4.145591163527378,no_context,CHB,4
12,12791,5.602457090019341,7.075203219389093,69.81436599632849,-0.2596006120211316,2.6112034282305663,no_context,CHB,4
24,12791,6.693773818016285,8.230607163978611,76.21188957735701,-0.7041144899700507,3.8912026507574775,no_context,CHB,4
48,12791,6.817974702597885,8.211317022006442,77.15590323155192,-0.6945492559162301,4.290086719124389,no_context,CHB,4
1,12791,3.481355225511688,5.321292927074468,47.8769168382786,0.287373443235543,0.000596533393377,base_only,CHB,4
6,12791,3.917221573951861,5.8295589674598025,53.16529567486869,0.1448582808992818,0.0579618097257972,base_only,CHB,4
12,12791,4.129971721657008,6.277253286948296,56.66523313781987,0.0084963175921257,-0.5011040195362552,base_only,CHB,4
24,12791,4.160981344619607,6.504827222128148,57.48362690246984,-0.0644041338659331,-1.218726002300245,base_only,CHB,4
48,12791,4.2448101353688665,6.735508707530256,58.79440027387469,-0.1401693486398747,-1.5722111078535044,base_only,CHB,4
1,12543,3.3326537343259206,4.857377141223377,43.15035894757966,0.5972255954398678,0.3658100492869478,robust_rolling_hybrid,KC1,0
6,12543,3.972574926149983,5.968776938561381,48.19940626984837,0.3914623478836535,0.0788378572147064,robust_rolling_hybrid,KC1,0
12,12543,4.3860372832648205,6.633629266182562,55.55700712947699,0.2468329579960366,-0.5379608390317518,robust_rolling_hybrid,KC1,0
24,12543,4.5444909200644,7.068436197212396,52.77968506069074,0.1438845816306818,-0.4452512198515686,robust_rolling_hybrid,KC1,0
48,12543,4.915080502407269,7.52949290465754,56.16362835138577,0.0298613722031629,-0.3624025127667785,robust_rolling_hybrid,KC1,0
1,12543,3.515213715400953,5.122787426744575,44.56973366493318,0.5520073541746946,0.7877235846314943,robust_static_hybrid,KC1,0
6,12543,4.08242499512329,6.075262587835284,48.52455706841855,0.3695554939826292,0.5052105846572681,robust_static_hybrid,KC1,0
12,12543,4.462464199329044,6.659743960350117,55.89723924138895,0.2408912807529497,-0.233588858069125,robust_static_hybrid,KC1,0
24,12543,4.610647073779904,7.075436614348351,52.99002967650404,0.1421879877520829,-0.0711004427106036,robust_static_hybrid,KC1,0
48,12543,5.001390997415751,7.46457655768065,56.93277842186249,0.0465175723840673,0.196108147994968,robust_static_hybrid,KC1,0
1,12543,3.388837792428973,5.37501039177736,40.80052556886631,0.5068070824180307,-0.3070728134702174,timemixer_base,KC1,0
6,12543,3.81026390837129,6.073994212124807,45.105063102423095,0.3698187112554183,-0.455400913937149,timemixer_base,KC1,0
12,12543,4.215757161357477,6.666106994070446,49.58067146951248,0.2394400111775149,-0.2785365326661371,timemixer_base,KC1,0
24,12543,4.417654379464541,7.139871661616008,51.156234718024926,0.1264928884446966,-0.5728843709997304,timemixer_base,KC1,0
48,12543,4.480027029557651,7.385575944789839,51.96133271582848,0.0665929496086309,-0.7754085008858361,timemixer_base,KC1,0
1,12543,3.125098790139148,4.597908745106367,41.14199783905929,0.6391066247414708,0.0341180387575793,no_embedding,KC1,0
6,12543,3.764771063984709,5.868522354325551,46.28608865176086,0.4117332756090867,-0.5953470448515095,no_embedding,KC1,0
12,12543,4.198818632687316,6.544853752383785,50.63662042205255,0.2668568055536368,-0.7729210911123678,no_embedding,KC1,0
24,12543,4.67238381049531,7.679328673434467,56.85019256695905,-0.0104902921170217,-2.3559110923588187,no_embedding,KC1,0
48,12543,4.9670014653747225,8.163775390484703,58.36896325472999,-0.1404714960277928,-2.037834834289315,no_embedding,KC1,0
1,12543,4.24950903974385,6.446671844098797,48.35516875948361,0.2905376672984588,1.6207483254398616,no_context,KC1,0
6,12543,4.382930979725467,6.713074805330822,50.12701731816359,0.2302322184660375,0.7082740402360439,no_context,KC1,0
12,12543,4.605977984955652,6.895139449059341,54.78231886802713,0.1862799403253104,0.0547280255843223,no_context,KC1,0
24,12543,4.730028083651752,7.097278817105338,54.18427924136192,0.1368836015629806,0.2678854318504498,no_context,KC1,0
48,12543,5.0606666638417215,7.485899774592768,57.7267663794298,0.0410623796999294,0.2109160381793633,no_context,KC1,0
1,12543,3.7036621113775032,5.894799685006875,42.94023459360064,0.4068065892881632,0.8323755908229082,base_only,KC1,0
6,12543,4.093902268416762,6.421281327192109,47.27657357170252,0.2956960054687582,0.1271681432935749,base_only,KC1,0
12,12543,4.229395144442703,6.820724390806142,49.306466150754254,0.2037491358497524,-0.8434396141607359,base_only,KC1,0
24,12543,4.458458971907854,7.366774772250431,52.38880191500794,0.0700910694944159,-1.383644900210383,base_only,KC1,0
48,12543,4.606412001087802,7.8430735212508305,54.019168439171125,-0.0526279867226662,-1.9708115150177108,base_only,KC1,0
1,12543,3.717389666761093,5.234077698439373,46.29300038250759,0.5323310404647849,1.3636958010737072,robust_rolling_hybrid,KC1,1
6,12543,4.074342841749816,6.113358755182333,48.15378006453542,0.3616240433098562,0.6222976438774286,robust_rolling_hybrid,KC1,1
12,12543,4.379887952206706,6.541772440026628,51.54545626550799,0.2675469696098929,0.4403623275480823,robust_rolling_hybrid,KC1,1
24,12543,4.788261265162122,7.278890441520108,54.73365978629721,0.0921460250178756,0.0048625061442071,robust_rolling_hybrid,KC1,1
48,12543,5.040874156217784,7.446285884368788,57.67709546953538,0.0511845401040312,0.0952914951607119,robust_rolling_hybrid,KC1,1
1,12543,4.1330380738328,5.693328007497845,48.34724621787549,0.4466618348722238,2.47456613227453,robust_static_hybrid,KC1,1
6,12543,4.267318856585,6.245187140773528,49.155396946170384,0.333795333962201,1.4175662917164369,robust_static_hybrid,KC1,1
12,12543,4.6924338414083016,6.7009535674336025,54.25937964656556,0.231467687764476,1.335881428005573,robust_static_hybrid,KC1,1
24,12543,5.058371130909578,7.459706324183924,57.04389232589826,0.0464815628359865,0.7230377685346073,robust_static_hybrid,KC1,1
48,12543,5.292459573646315,7.6191964050978225,58.91430331634699,0.0066079546836711,0.8915902282607562,robust_static_hybrid,KC1,1
1,12543,3.4597994943778216,5.60223261344629,41.90545118851776,0.4642274120408068,-0.3171254785486854,timemixer_base,KC1,1
6,12543,3.8719424015833392,6.290716842830074,45.92761282145888,0.3240461734239236,-0.6333885547799812,timemixer_base,KC1,1
12,12543,4.095850483948065,6.797267806938868,47.80762743863701,0.2092163584762928,-1.0374128822551183,timemixer_base,KC1,1
24,12543,4.474196009565405,7.16030771390325,52.082166935580325,0.1214853519339955,-0.5603141983920361,timemixer_base,KC1,1
48,12543,4.521191756781195,7.322897105313297,52.46584957217559,0.0823687308798443,-0.5702096838505561,timemixer_base,KC1,1
1,12543,3.06171820497414,4.422308642119059,40.93877835987422,0.6661462074692805,-0.0205411985665048,no_embedding,KC1,1
6,12543,3.829460710403519,6.045475617873271,48.085376938252494,0.3757224685166295,-1.1134343775162845,no_embedding,KC1,1
12,12543,4.266579111859073,6.644989319392958,51.27391478786798,0.2442511604923782,-0.8102640291202357,no_embedding,KC1,1
24,12543,4.606741841910682,7.528160738399566,56.03818229948252,0.0289012368007749,-2.3377151656196435,no_embedding,KC1,1
48,12543,4.877414252938984,8.090253960667733,56.84697869011394,-0.1200222488474067,-2.0192808647727145,no_embedding,KC1,1
1,12543,5.4466514957062335,7.621996597519653,56.55227579610817,0.0082648275184162,3.758945658072362,no_context,KC1,1
6,12543,5.03962376154677,7.110893943333454,55.825042211351125,0.1362955460309685,2.4126197409565195,no_context,KC1,1
12,12543,5.051962207908656,7.061790737494052,57.4184865538127,0.1464703694351335,1.648686054186664,no_context,KC1,1
24,12543,5.426211134755211,7.699847003415976,60.3768824784289,-0.0158973460574469,1.3343383951268109,no_context,KC1,1
48,12543,5.584735345904131,7.780742090968075,61.76649175641402,-0.0359633236386149,1.374442141026408,no_context,KC1,1
1,12543,3.8762746979714495,6.180803564226732,45.24074485561547,0.3478491008887175,0.0146972400942725,base_only,KC1,1
6,12543,4.229644208868506,6.878517011788311,49.17025909132956,0.1918231836954645,-0.68147897891885,base_only,KC1,1
12,12543,4.497514241198685,7.344711791229529,51.64043636247939,0.0767093623976568,-1.003830971909246,base_only,KC1,1
24,12543,4.621260841977394,7.60662907935864,53.67234784884168,0.008551607663223,-1.3642853373338053,base_only,KC1,1
48,12543,4.554545528403236,7.702225253233054,53.57783522457748,-0.015160641256541,-1.8921184768034665,base_only,KC1,1
1,12543,3.3634544967154243,4.726563445166748,43.02644065886524,0.6186276538094773,0.7834768384348162,robust_rolling_hybrid,KC1,2
6,12543,4.129917891408017,5.974047249651239,50.05250617555653,0.3903872201954205,0.6780189857827718,robust_rolling_hybrid,KC1,2
12,12543,4.707722282169971,6.893285666480967,55.29131235572802,0.1867174245282143,0.2493329126152757,robust_rolling_hybrid,KC1,2
24,12543,4.905512735905383,7.355970855794299,56.80639719792958,0.0728166289491356,0.0468973912003127,robust_rolling_hybrid,KC1,2
48,12543,4.740793958334383,7.41083722715813,55.12392552861039,0.060196865240239,-0.8884452052815054,robust_rolling_hybrid,KC1,2
1,12543,3.6586339376165298,4.988891338760032,46.035723705510286,0.5751199842105269,1.573072730449458,robust_static_hybrid,KC1,2
6,12543,4.5651927931185385,6.215919999552477,54.46525695057522,0.3400248411283985,1.661409611295382,robust_static_hybrid,KC1,2
12,12543,5.209730133617417,7.220727253188274,59.74212827889608,0.1076180114021768,1.1594747198898712,robust_static_hybrid,KC1,2
24,12543,5.3841390454587605,7.649232612996668,61.05083604698324,-0.0025853866780523,0.9606383494010508,robust_static_hybrid,KC1,2
48,12543,4.857258701085911,7.560722324786427,56.42540243923256,0.0217971646902909,-0.6183557415478045,robust_static_hybrid,KC1,2
1,12543,3.629188036273315,6.152499966854516,43.01652972006788,0.3538081816655701,-1.349333944958781,timemixer_base,KC1,2
6,12543,3.917379872242743,6.827070951281032,45.95884638100573,0.203867067363468,-2.12600011249331,timemixer_base,KC1,2
12,12543,4.098448942026567,7.013952933184045,47.8973369255384,0.1579951191323294,-1.5707172264819376,timemixer_base,KC1,2
24,12543,4.425009357879809,7.281837855495686,51.77551917455377,0.0914106483089223,-0.8905975736756649,timemixer_base,KC1,2
48,12543,4.647996613100785,7.399790649470554,54.58475101958036,0.0629965140841903,-0.3795289279199393,timemixer_base,KC1,2
1,12543,3.1976091883251523,4.542284010351661,42.54610363970816,0.6477858612401524,0.0172321755027101,no_embedding,KC1,2
6,12543,3.802006656826279,5.823165926620299,47.06782781563722,0.4207912862464626,-0.5013285523433012,no_embedding,KC1,2
12,12543,4.267084166453917,6.726780683232698,51.116184398356815,0.2255320476426989,-1.0518821763059012,no_embedding,KC1,2
24,12543,4.663214896228585,7.660558085525085,55.88141263273151,-0.0055564452840193,-2.146890133308051,no_embedding,KC1,2
48,12543,5.109065233178471,8.38700596767683,59.48932175908467,-0.2036944122285202,-2.049838570115061,no_embedding,KC1,2
1,12543,4.738335591193013,6.491472192380313,54.1869733336808,0.280642763257718,2.4908070719613704,no_context,KC1,2
6,12543,4.977715162120633,6.87808593975177,57.280531397009526,0.1919244763168383,1.6472523792607547,no_context,KC1,2
12,12543,5.536346745773298,7.54670806237189,62.33549411464735,0.0252258254676333,1.4027607065681102,no_context,KC1,2
24,12543,5.549376754828981,7.750373360916537,62.34912846690658,-0.0292737169729833,1.1579491255158472,no_context,KC1,2
48,12543,4.782859571825172,7.709603277037398,55.74372925432948,-0.0171064339172435,-1.1744329015680033,no_context,KC1,2
1,12543,3.9943997657280974,6.253154513608078,47.27127332803667,0.3324919076884891,-0.1381408510230559,base_only,KC1,2
6,12543,4.717876455743546,7.224985659761997,53.68310398130424,0.1083575523130976,-0.1685391280874057,base_only,KC1,2
12,12543,4.550646390520879,7.192705791378511,53.2782994487419,0.1145307022894821,-0.8401632428948582,base_only,KC1,2
24,12543,4.677102465740015,7.562125733458344,54.5627885042511,0.0201188072574104,-1.1332937204304625,base_only,KC1,2
48,12543,4.697432762976992,7.830974042230598,54.49757694818239,-0.0493827216808124,-1.7565047313491664,base_only,KC1,2
1,12543,3.272988564436784,4.843401354594917,41.56782138062912,0.5995400095299046,0.242149560821833,robust_rolling_hybrid,KC1,3
6,12543,3.979441680720163,6.065065119497057,48.341432717062006,0.3716701490237922,-0.4404787429797392,robust_rolling_hybrid,KC1,3
12,12543,4.848052242508281,7.053182041388793,55.28831231542184,0.1485500964661302,0.424720355391922,robust_rolling_hybrid,KC1,3
24,12543,4.777343016215964,7.126859375242314,55.386397377839714,0.1296738888220446,-0.1607907527432641,robust_rolling_hybrid,KC1,3
48,12543,5.118003482296383,7.618880754609329,58.29018734553402,0.0066902621010075,0.2443299327375931,robust_rolling_hybrid,KC1,3
1,12543,3.4065703730268417,4.961528728642475,42.874002459624855,0.5797678882448953,0.5888843248451782,robust_static_hybrid,KC1,3
6,12543,4.122908148323246,6.184633374704467,49.92376186980268,0.3466518345146242,-0.1768471593112834,robust_static_hybrid,KC1,3
12,12543,5.281866897623723,7.323781291745239,59.287226882797306,0.0819641359733507,1.3413711421932415,robust_static_hybrid,KC1,3
24,12543,5.032247578038997,7.273119459598296,57.51949888775139,0.0935850168524267,0.4891281080742083,robust_static_hybrid,KC1,3
48,12543,5.432110979745597,7.70424301466667,61.06080835953059,-0.0156925966923129,1.1257488249468384,robust_static_hybrid,KC1,3
1,12543,3.3306478801064823,5.390532988158642,40.70148464221568,0.5039543664355612,-0.5369638991462341,timemixer_base,KC1,3
6,12543,3.8136604778420495,6.1656103868537375,45.18801803211584,0.3506648516724729,-0.7423880895216443,timemixer_base,KC1,3
12,12543,4.228298698302843,6.758635411025535,49.488682117771866,0.2181796808649962,-0.5940198207988814,timemixer_base,KC1,3
24,12543,4.44908869228969,7.089818265708987,51.55517383884485,0.138697237452914,-0.5691274905911874,timemixer_base,KC1,3
48,12543,4.618912075553928,7.37521244130692,53.162576930629164,0.0692106412860484,-0.4751792231416204,timemixer_base,KC1,3
1,12543,3.06218875749425,4.618033498615475,40.43413127327814,0.6359404963002853,-0.1956068541524057,no_embedding,KC1,3
6,12543,3.763610694122915,6.174476361979088,46.31112937033679,0.3487960574716348,-1.2789794226530249,no_embedding,KC1,3
12,12543,4.270951352102909,6.764538039785547,51.14874818770355,0.2168134848869414,-0.9700442554419818,no_embedding,KC1,3
24,12543,4.614502172787338,7.618680384781811,55.48349140686752,0.0054075836380318,-2.2419356636944774,no_embedding,KC1,3
48,12543,4.902770866239925,7.862259978693195,57.39051270500518,-0.0577843593949427,-1.3518093405733227,no_embedding,KC1,3
1,12543,3.708231305639814,5.614974900935162,44.095621957721015,0.4617874089950528,0.7253835420094161,no_context,KC1,3
6,12543,4.256939565447313,6.542582148860095,50.54801592883549,0.2688354525671017,-0.480199237940158,no_context,KC1,3
12,12543,5.29653056737748,7.39084570549949,58.61007511665552,0.0650741104971239,1.5010213416025493,no_context,KC1,3
24,12543,5.22197125271767,7.433937844326365,59.35124721589479,0.0530577688071489,0.6996401568771806,no_context,KC1,3
48,12543,5.425794509436481,7.7526397755550205,60.74261021739056,-0.0284934980244588,1.1369915756275994,no_context,KC1,3
1,12543,3.5105874249641094,5.669745399765895,43.01811060561386,0.4512363582806867,-0.4908333613590638,base_only,KC1,3
6,12543,3.922997259665056,6.5198571981953455,46.37233345580965,0.2739058732392992,-0.9639941229780714,base_only,KC1,3
12,12543,4.227024899851636,6.919093014843487,49.79247898710665,0.1806164280370734,-1.0240393994214343,base_only,KC1,3
24,12543,4.405244935692702,7.211490723028935,52.08070337799885,0.1088809406176358,-1.5881613036391171,base_only,KC1,3
48,12543,4.897769632806506,7.967313091345183,55.27743405633401,-0.0862407928230408,-0.9633969459381246,base_only,KC1,3
1,12543,3.0896045871884588,4.525102638087104,39.734353341939055,0.6504453502363414,0.5069166366695578,robust_rolling_hybrid,KC1,4
6,12543,4.0318026703930885,6.170246071178164,47.97039432330003,0.3496880645668234,0.073056673970185,robust_rolling_hybrid,KC1,4
12,12543,4.571067314052154,6.917075904330484,52.12224741544604,0.1810941051825108,0.1578995291811884,robust_rolling_hybrid,KC1,4
24,12543,5.231286382364849,7.929113243188166,58.46755376619518,-0.0772955728646063,0.1563422892090257,robust_rolling_hybrid,KC1,4
48,12543,5.256018148965815,7.700488288239234,60.0176997893196,-0.0147028255957062,0.1682959628044702,robust_rolling_hybrid,KC1,4
1,12543,3.2833383651353008,4.689808950145111,41.876785818348594,0.6245358145254756,1.0580886763352808,robust_static_hybrid,KC1,4
6,12543,4.217912067598983,6.271421762844562,49.96699574354308,0.3281864268067324,0.64348562554928,robust_static_hybrid,KC1,4
12,12543,4.81730056231476,7.031034408115075,54.609177207017446,0.1538889613398296,0.8198035585103799,robust_static_hybrid,KC1,4
24,12543,5.593129433428358,8.155706117259525,62.17104141026374,-0.1397478200702278,0.8601502405725616,robust_static_hybrid,KC1,4
48,12543,5.655901912172417,7.876452212436134,63.395228201844006,-0.0616066375582333,1.073931013236707,robust_static_hybrid,KC1,4
1,12543,3.2417699532589443,5.209366781784402,39.96975312666453,0.5367364961101739,-0.30507151461157,timemixer_base,KC1,4
6,12543,3.77800322910972,6.115388882267529,44.69454904072224,0.3611999885282976,-0.5827296752303561,timemixer_base,KC1,4
12,12543,4.190153829843093,6.721753412740758,48.55731352275587,0.2266892148450576,-0.6001138217681277,timemixer_base,KC1,4
24,12543,4.4707177086926855,7.381998445896226,51.733167986562,0.0662437256895882,-1.239770241110821,timemixer_base,KC1,4
48,12543,4.633689527024799,7.598047710444643,52.78410781512499,0.0121150413977403,-0.9190738369220468,timemixer_base,KC1,4
1,12543,2.9991934864722323,4.384916574715097,40.602015524200574,0.6717680256413214,-0.2479121675191385,no_embedding,KC1,4
6,12543,3.805721630676506,6.2637474741582375,46.74389647912152,0.3298296066182009,-1.1589340429851374,no_embedding,KC1,4
12,12543,4.189034607429819,6.823577379667524,50.30620392256564,0.2030828811175372,-1.343982032062353,no_embedding,KC1,4
24,12543,4.726568569704019,7.786027990458283,56.34075546875191,-0.03876559162607,-2.036448886203849,no_embedding,KC1,4
48,12543,4.960747075158805,8.124913062391386,58.9611126057732,-0.1296392810336526,-2.0436009347681168,no_embedding,KC1,4
1,12543,3.7849447234608498,5.605727292277546,44.90653672448328,0.4635587725041423,1.3634259051648585,no_context,KC1,4
6,12543,4.576135534817196,6.769575760917967,52.090556606371415,0.2172201053964031,1.061358875796326,no_context,KC1,4
12,12543,4.842298831574172,7.162922770676476,54.77262935168408,0.1218484910837087,0.6428864288157105,no_context,KC1,4
24,12543,5.409642010977096,8.124755333197388,59.78890248577238,-0.1311135823866347,0.6532071078117314,no_context,KC1,4
48,12543,5.971181248901925,8.09023030504704,65.61490446137073,-0.1200156990449212,1.7071429836895442,no_context,KC1,4
1,12543,3.543742076509318,5.577680270183658,41.9033654054316,0.46891327498225,0.3999411106385236,base_only,KC1,4
6,12543,4.037362295280354,6.544386347000099,46.794506192756536,0.2684321415884554,-0.3136552313027423,base_only,KC1,4
12,12543,4.319576792190266,6.929502634337156,50.272004986050064,0.1781490851689326,-0.683402346132437,base_only,KC1,4
24,12543,4.6515767940715165,7.386711614528857,53.743789556641616,0.065050998341392,-0.7682301525240698,base_only,KC1,4
48,12543,4.858555718399849,7.819316132392114,55.82482956266194,-0.0462606316188771,-1.1498643347333704,base_only,KC1,4
