station_id,model,horizon,MAE_available_history,RMSE_available_history,sMAPE_available_history,R2_available_history,Bias_available_history,MAE_common_2021,RMSE_common_2021,sMAPE_common_2021,R2_common_2021,Bias_common_2021,MAE_delta_common_minus_available,RMSE_delta_common_minus_available,sMAPE_delta_common_minus_available,R2_delta_common_minus_available,Bias_delta_common_minus_available
BIR_A4540,dlinear,1,1.173062341271452,2.138893586530515,15.702217274109307,0.9073606265026782,0.01465052634215272,1.172967712322648,2.1385967029184534,15.700152078966179,0.9073862600669935,0.014359300408378541,-9.462894880396533e-05,-0.0002968836120618157,-0.0020651951431283067,2.5633564315286073e-05,-0.00029122593377417863
BIR_A4540,dlinear,6,3.038105110009344,4.718774536625192,37.19862419755728,0.5490993548386086,-0.22106706439877644,3.0379114065979502,4.718562654578872,37.195840832597774,0.5491397186736098,-0.22106986041704962,-0.00019370341139390845,-0.0002118820463197224,-0.0027833649595052634,4.0363835001167025e-05,-2.7960182731878724e-06
BIR_A4540,dlinear,12,3.6302279987527064,5.577286386704759,43.02906899029926,0.3701985196802618,-0.38751276002370777,3.6301196106764317,5.57705871224386,43.02750868411998,0.37025006415521045,-0.3874922463532093,-0.00010838807627466807,-0.00022767446089844157,-0.0015603061792788253,5.154447494865044e-05,2.0513670498489844e-05
BIR_A4540,dlinear,24,4.016341513388809,6.185383891985618,46.467052876624194,0.22542099067724886,-0.5423763778018016,4.015474313946076,6.184724206627788,46.45506801951275,0.22558620210457372,-0.5426652448904647,-0.0008671994427338348,-0.0006596853578297868,-0.011984857111443148,0.00016521142732486838,-0.00028886708866315836
BIR_A4540,dlinear,48,4.341230196369914,6.693950805155373,50.46703944688612,0.09379637049048409,-0.8003341476247904,4.340702486307049,6.693245525103464,50.45949108565977,0.09398743475159597,-0.8009014445101721,-0.0005277100628644504,-0.0007052800519087299,-0.007548361226348277,0.0001910642611118868,-0.0005672968853817073
BIR_A4540,hybrid,1,1.694732663295521,2.861921512820612,22.00851549212651,0.8330010611097075,0.123370975166083,1.677970234758582,2.842463288375394,21.51772720460761,0.8361422257810471,0.18937207767144015,-0.01676242853693899,-0.01945822444521772,-0.4907882875188996,0.0031411646713396246,0.06600110250535715
BIR_A4540,hybrid,6,3.8098978214036414,5.967731969066416,44.54817714249775,0.2787981248992633,-0.9389413191013075,3.7820448052291247,5.882616286573688,44.44986184079697,0.2985247534214512,-0.7908371658497664,-0.027853016174516743,-0.08511568249272816,-0.0983153017007794,0.019726628522187872,0.14810415325154114
BIR_A4540,hybrid,12,4.092485868075144,6.389769337384088,47.25001820467016,0.17316319304896552,-1.0239690164459228,4.093686563927298,6.4049385529163345,47.192584940979934,0.16929533866078766,-0.983677427850769,0.0012006958521535438,0.015169215532246483,-0.05743326369022839,-0.003867854388177855,0.040291588595153804
BIR_A4540,hybrid,24,4.241533750160326,6.66652843106786,48.73782396733166,0.09997696377519352,-1.261676615540615,4.260697078073556,6.703475056832045,48.844671536072816,0.0901214270449586,-1.2024609322803408,0.019163327913229722,0.03694662576418484,0.1068475687411592,-0.009855536730234926,0.059215683260274155
BIR_A4540,hybrid,48,4.321385128537814,6.834212392180651,49.757621592075864,0.055260855780727355,-1.4048113915846716,4.344675244530556,6.8655386464144,49.943070382617854,0.046676890231762955,-1.3954299960411114,0.02329011599274189,0.03132625423374957,0.18544879054199015,-0.0085839655489644,0.009381395543560211
BIR_A4540,hybrid_static,1,1.7737872844549307,2.903071912897495,23.445210128409933,0.8280253469760946,0.334440037447202,1.7596816507984663,2.8976545881099143,22.875106601298945,0.8295213684006825,0.3874769264723169,-0.014105633656464445,-0.005417324787580835,-0.5701035271109873,0.0014960214245878234,0.053036889025114886
BIR_A4540,hybrid_static,6,3.855543991706303,6.01272585400068,45.20338254084932,0.2678147144264283,-0.8318755508704252,3.8375652012008965,5.919197512394503,45.183820609862146,0.2898059986603251,-0.6127091892410842,-0.017978790505406295,-0.09352834160617629,-0.01956193098717307,0.02199128423389679,0.219166361629341
BIR_A4540,hybrid_static,12,4.1389686402909955,6.42435608015072,47.94062947654332,0.16414382349066242,-0.8817629716301983,4.156115489104153,6.449085555175069,48.093590236192625,0.15784195470978335,-0.8352687995100148,0.017146848813157867,0.024729475024348524,0.15296075964930367,-0.006301868780879072,0.046494172120183586
BIR_A4540,hybrid_static,24,4.2559410587249165,6.6914364750924005,49.03986207402037,0.09307343268427101,-1.2023236460145077,4.2925552630849815,6.734632325922865,49.42446864535785,0.08169518146143237,-1.1226787244117435,0.03661420436006502,0.04319585083046462,0.38460657133747844,-0.011378251222838642,0.07964492160276415
BIR_A4540,hybrid_static,48,4.3158541335540095,6.845509354317242,49.95726873359247,0.05195218359896784,-1.3449497976457812,4.340542870616025,6.878071307381491,50.158240526572435,0.04320338091993312,-1.3496978952871301,0.024688737062015242,0.03256195306424914,0.20097179297996348,-0.008748802679034717,-0.004748097641348981
BIR_A4540,lstm,1,1.454157296989699,2.4493279538909762,19.886320063718465,0.8784689624787223,-0.07482544260854485,1.4517816871244458,2.453176935301218,19.856348804275807,0.8780524132470123,-0.07042163756858191,-0.002375609865253203,0.003848981410241592,-0.029971259442657328,-0.0004165492317099728,0.0044038050399629325
BIR_A4540,lstm,6,3.019834068310988,4.80539278899729,36.58179200821608,0.5323900581529728,-0.3719902099191079,3.02466321756389,4.814610155154286,36.63185116518014,0.5305729782260562,-0.3946394792340985,0.00482914925290201,0.009217366156995865,0.05005915696406049,-0.0018170799269165983,-0.02264926931499056
BIR_A4540,lstm,12,3.607429982153363,5.698789762081735,42.18767693336042,0.34241797734704155,-0.4350372818513312,3.6097439501235775,5.691175978246046,42.29412697874706,0.3441625847811939,-0.4950420602135749,0.0023139679702146587,-0.007613783835688892,0.10645004538663727,0.0017446074341523343,-0.06000477836224366
BIR_A4540,lstm,24,3.999729321591624,6.247184484810697,46.05047451262171,0.20985838536149454,-0.7111178684296838,4.008983285700391,6.248572842261359,46.291472916411266,0.20948552701879475,-0.6993866302959271,0.00925396410876722,0.0013883574506614593,0.24099840378955406,-0.0003728583426997889,0.01173123813375676
BIR_A4540,lstm,48,4.25855219557648,6.687159021763651,49.10116784363528,0.0956130808041612,-0.9719332072694344,4.292137708391943,6.7162443464938075,49.48322710798362,0.08772067276043434,-0.9122823618654803,0.033585512815462515,0.029085324730156792,0.38205926434834225,-0.007892408043726859,0.059650845403954156
BIR_A4540,persistence,1,1.1615791446959811,2.163357941846154,15.093612887592112,0.9052298101597248,-0.00020117905966960002,1.1615791446959811,2.163357941846154,15.093612887592112,0.9052298101597248,-0.00020117905966960002,0.0,0.0,0.0,0.0,0.0
BIR_A4540,persistence,6,3.2574119979146827,5.175586593991806,39.963864383110106,0.45760239238990186,-0.0003353225606488,3.2574119979146827,5.175586593991806,39.963864383110106,0.45760239238990186,-0.0003353225606488,0.0,0.0,0.0,0.0,0.0
BIR_A4540,persistence,12,4.0314821844189055,6.333517800739433,47.8532287131713,0.1878441856982775,0.000689917000913,4.0314821844189055,6.333517800739433,47.8532287131713,0.1878441856982775,0.000689917000913,0.0,0.0,0.0,0.0,0.0
BIR_A4540,persistence,24,4.587366153006243,7.258923747851346,51.83608500591347,-0.066783648621624,-0.0005243854293702,4.587366153006243,7.258923747851346,51.83608500591347,-0.066783648621624,-0.0005243854293702,0.0,0.0,0.0,0.0,0.0
BIR_A4540,persistence,48,5.340546375042134,8.314134239471462,58.212275861880606,-0.3979417140452352,6.940599224079036e-05,5.340546375042134,8.314134239471462,58.212275861880606,-0.3979417140452352,6.940599224079036e-05,0.0,0.0,0.0,0.0,0.0
BIR_A4540,seasonal_naive,1,4.589352948878742,7.2592945826853965,51.856325428783165,-0.0670968231429798,0.0015213028286219,4.589352948878742,7.2592945826853965,51.856325428783165,-0.0670968231429798,0.0015213028286219,0.0,0.0,0.0,0.0,0.0
BIR_A4540,seasonal_naive,6,4.591278476713026,7.260269872482448,51.88309669396129,-0.0673433170670492,0.002340653134607,4.591278476713026,7.260269872482448,51.88309669396129,-0.0673433170670492,0.002340653134607,0.0,0.0,0.0,0.0,0.0
BIR_A4540,seasonal_naive,12,4.588722155209725,7.259239288976512,51.855039512212194,-0.0669193500123153,0.0012759573530201,4.588722155209725,7.259239288976512,51.855039512212194,-0.0669193500123153,0.0012759573530201,0.0,0.0,0.0,0.0,0.0
BIR_A4540,seasonal_naive,24,4.587366153006243,7.258923747851346,51.83608500591347,-0.066783648621624,-0.0005243854293702,4.587366153006243,7.258923747851346,51.83608500591347,-0.066783648621624,-0.0005243854293702,0.0,0.0,0.0,0.0,0.0
BIR_A4540,seasonal_naive,48,5.340546375042134,8.314134239471462,58.212275861880606,-0.3979417140452352,6.940599224079036e-05,5.340546375042134,8.314134239471462,58.212275861880606,-0.3979417140452352,6.940599224079036e-05,0.0,0.0,0.0,0.0,0.0
BIR_A4540,timemixer,1,3.5960995432766296,5.804319674887912,42.003410077525004,0.3177423503040415,-1.3846757260881275,3.6149868988035214,5.793086888186886,42.230835332191816,0.32032299714599244,-1.1287410455036269,0.018887355526891803,-0.011232786701025788,0.2274252546668123,0.0025806468419509176,0.25593468058450064
BIR_A4540,timemixer,6,3.8997233620149245,6.147467980170536,45.47002963041418,0.23465579028981423,-1.091007032168843,3.9281275693195723,6.1578338624897215,45.69758070292425,0.23204307108110922,-0.8801436867248309,0.028404207304647766,0.010365882319185893,0.22755107251006734,-0.002612719208705011,0.21086334544401208
BIR_A4540,timemixer,12,4.1389686402909955,6.42435608015072,47.94062947654332,0.16414382349066242,-0.8817629716301983,4.161548381807964,6.468085521635817,48.12194816870378,0.15280505466096875,-0.872761295245631,0.022579741516968177,0.04372944148509639,0.1813186921604597,-0.011338768829693674,0.009001676384567392
BIR_A4540,timemixer,24,4.2559410587249165,6.6914364750924005,49.03986207402037,0.09307343268427101,-1.2023236460145077,4.283393549921451,6.746232779589157,49.29441977716674,0.07851985899388014,-1.1979484956078026,0.027452491196534368,0.05479630449675632,0.25455770314636794,-0.01455357369039087,0.004375150406705108
BIR_A4540,timemixer,48,4.3158541335540095,6.845509354317242,49.95726873359247,0.05195218359896784,-1.3449497976457812,4.340542870616025,6.878071307381491,50.158240526572435,0.04320338091993312,-1.3496978952871301,0.024688737062015242,0.03256195306424914,0.20097179297996348,-0.008748802679034717,-0.004748097641348981
BIR_A4540,xgboost,1,1.205409975171953,2.1475469797514095,15.946258599155025,0.9066078074187448,0.04912952528412558,1.2084095689606293,2.1589193278419936,15.968124827029055,0.9056160179861514,0.04230708616298238,0.0029995937886764246,0.011372348090584072,0.02186622787403003,-0.0009917894325933707,-0.006822439121143199
BIR_A4540,xgboost,6,3.2377287246012343,4.885681430745227,39.21568176859283,0.5166627823185712,0.136009308279531,3.224201820658089,4.874422940903895,39.15645169750171,0.5188808193853932,0.104003191451617,-0.013526903943145374,-0.01125848984133171,-0.05923007109112177,0.0022180370668219984,-0.032006116827914
BIR_A4540,xgboost,12,3.897386066730384,5.771097136780148,45.56599519555531,0.3256791681430034,0.18548925869271898,3.8892768790814385,5.771670142684605,45.524409761125085,0.3255420284509963,0.14237052182119708,-0.008109187648945415,0.000573005904456636,-0.041585434430224666,-0.0001371396920071266,-0.0431187368715219
BIR_A4540,xgboost,24,4.265379251336219,6.371612538463533,49.051868034491136,0.1780771625108742,0.0336573320343513,4.295685560320957,6.390352380921287,49.36424371309405,0.1732294489640634,0.06374769437449583,0.030306308984738628,0.018739842457754285,0.31237567860291193,-0.004847713546810795,0.030090362340144533
BIR_A4540,xgboost,48,4.80855724304471,7.111042491360282,53.91811355049581,-0.02270058650003694,0.14176958383564414,4.888958689372394,7.227681601480759,54.47932724693633,-0.05648165039196827,0.19746945977415295,0.08040144632768431,0.11663911012047734,0.5612136964405181,-0.033781063891931334,0.05569987593850881
CHB,dlinear,1,1.0326987480296643,1.8864161833924467,16.883982064962986,0.9104402959895651,0.00827944951814758,1.0250920806525414,1.8878676701655244,16.763832793515952,0.9103035160159525,-0.038946638829536,-0.0076066673771229,0.0014514867730777148,-0.12014927144703336,-0.00013677997361261074,-0.04722608834768358
CHB,dlinear,6,2.615776398862306,4.170160873009408,38.178665415787094,0.5623770299079348,-0.11540423024833994,2.625198411992088,4.177583846459321,38.3234077037953,0.5608338402377748,-0.14209616090827132,0.00942201312978197,0.007422973449912718,0.144742288008203,-0.0015431896701599834,-0.026691930659931376
CHB,dlinear,12,3.114421600283949,4.954787325808786,43.85040812223089,0.3822574692072711,-0.25332734270522106,3.119375490557224,4.959008012924696,44.003702386348586,0.3812076338679934,-0.29025560765701275,0.004953890273275086,0.00422068711591006,0.1532942641176973,-0.001049835339277716,-0.03692826495179169
CHB,dlinear,24,3.511059016156827,5.49266229120355,48.65076261926852,0.24107070719995952,-0.33801381523093216,3.5102224400845268,5.488389339135102,48.76461613491882,0.24223883107344618,-0.42727907854731945,-0.0008365760723001436,-0.004272952068448355,0.11385351565029822,0.001168123873486665,-0.08926526331638729
CHB,dlinear,48,3.7849452630928426,5.919532285984376,52.242395486625,0.11933401907230017,-0.6162546346177992,3.793113438356017,5.916471687230308,52.52278223074639,0.12024986615607429,-0.6255078183102762,0.008168175263174593,-0.0030605987540681667,0.28038674412138676,0.0009158470837741239,-0.009253183692477074
CHB,hybrid,1,1.7072096349674577,2.8733281221297977,26.449241672614143,0.7920504309644842,0.06085203013870255,1.7075310803783954,2.833785305682853,26.69043354196708,0.7972617094914437,0.1788674729168113,0.00032144541093770407,-0.039542816446944684,0.24119186935293868,0.005211278526959462,0.11801544277810874
CHB,hybrid,6,3.3124066281123823,5.2359385363969055,45.578113575598515,0.31009050260019133,-0.43231796443178955,3.4148335510833783,5.310627398490612,46.88800665081353,0.2901174408133456,-0.2669603990671584,0.10242692297099598,0.07468886209370673,1.3098930752150153,-0.019973061786845714,0.16535756536463114
CHB,hybrid,12,3.519905350584577,5.550266203741351,47.9167796291196,0.22474685639958586,-0.4483977434379903,3.561698348354443,5.528205392542161,48.71289092111976,0.23075734527021474,-0.38061966215962506,0.04179299776986589,-0.022060811199189345,0.7961112920001554,0.006010488870628883,0.06777808127836527
CHB,hybrid,24,3.7265971429289864,5.842350614023421,50.587201231384384,0.14107159680195913,-0.6322262409206927,3.688605711281043,5.739508865202517,50.493241488603736,0.17102850453414656,-0.5141441018616867,-0.0379914316479435,-0.10284174882090458,-0.09395974278064756,0.029956907732187427,0.118082139059006
CHB,hybrid,48,3.9069892245079094,6.16584398079253,52.24723283389538,0.0424891210305969,-0.5308543753599608,3.7303848261265875,5.8267746238024944,51.377136834991504,0.1466516320995642,-0.7079336016308179,-0.17660439838132191,-0.33906935699003515,-0.8700959989038779,0.10416251106896729,-0.17707922627085704
CHB,hybrid_static,1,1.782858370337235,2.9366723513663966,27.88905447125568,0.7827685679255797,0.16137718425615288,1.8250832858091388,2.922034754499973,28.72304146528266,0.7838170843476965,0.4322268847909374,0.04222491547190388,-0.014637596866423408,0.8339869940269793,0.0010485164221167853,0.2708497005347845
CHB,hybrid_static,6,3.372065340078457,5.265776247001928,46.38881949266772,0.3022180809451137,-0.2326712180370135,3.5012608867122723,5.325639861641909,48.12852797163988,0.2860078670940716,0.10484150649934423,0.12919554663381527,0.05986361463998069,1.7397084789721617,-0.0162102138510421,0.3375127245363577
CHB,hybrid_static,12,3.577359430586776,5.564093196738464,48.70541458521114,0.22088541475553555,-0.19242952559250776,3.6266739499093164,5.524987286456609,49.68004828811732,0.2316110683636698,-0.05586297843237435,0.049314519322540384,-0.039105910281855394,0.974633702906182,0.010725653608134239,0.1365665471601334
CHB,hybrid_static,24,3.773404145842305,5.860614171704897,51.29501236685739,0.13572186308774845,-0.43615382713716927,3.7590851269425074,5.734073285336861,51.640182624471834,0.17246456069075103,-0.20366777622138685,-0.014319018899797697,-0.12654088636803618,0.3451702576144413,0.03674269760300258,0.23248605091578242
CHB,hybrid_static,48,3.9643307760887914,6.1558929929409905,53.20030467588604,0.04582218760209968,-0.19779004633948577,3.7593368365940107,5.803096402684313,52.06928371552615,0.15338412281871208,-0.44341172463763784,-0.20499393949478062,-0.35279659025667787,-1.1310209603598906,0.10756193521661239,-0.24562167829815207
CHB,lstm,1,1.2635132794385873,2.0636577950517747,22.164039687333037,0.8927785054969753,0.1842362414943856,1.2686141674463691,2.1955310600235345,21.014330282567993,0.878672209127882,-0.19057543210801167,0.005100888007781856,0.13187326497175977,-1.1497094047650442,-0.01410629636909333,-0.3748116736023973
CHB,lstm,6,2.6254484372763494,4.217721841999948,38.46167413039716,0.5521616164643438,-0.0299243992871819,2.628869821766256,4.252686656550555,38.33481729333977,0.5448202919766394,-0.28818056935855274,0.003421384489906476,0.03496481455060696,-0.12685683705738882,-0.007341324487704415,-0.25825617007137086
CHB,lstm,12,3.1172699626082876,5.09211536063839,43.73350905199559,0.34722183918998273,-0.2592916183422378,3.0959420397587616,5.041143017154494,43.620176873877924,0.3602447250788653,-0.4463740123107186,-0.021327922849526004,-0.05097234348389623,-0.11333217811766616,0.013022885888882563,-0.1870823939684808
CHB,lstm,24,3.478617312526108,5.4732072360827555,48.36657300911685,0.24637061401723953,-0.29252617819907933,3.449818116665753,5.483217123156139,47.9958804735333,0.24357411357717976,-0.5165060877434187,-0.028799195860354843,0.010009887073383794,-0.37069253558355086,-0.0027965004400597737,-0.22397990954433933
CHB,lstm,48,3.727163137854679,5.823808098381948,51.386796466526334,0.14757216816144902,-0.5628744160117336,3.6756179639495996,5.703021025388972,50.95208164620537,0.18245296212648615,-0.6489841392147709,-0.05154517390507918,-0.1207870729929752,-0.43471482032096276,0.03488079396503713,-0.08610972320303734
CHB,persistence,1,0.9907997817944422,1.895163259922231,15.910315187788523,0.9096098876217141,0.000132746962207,0.9907997817944422,1.895163259922231,15.910315187788523,0.9096098876217141,0.000132746962207,0.0,0.0,0.0,0.0,0.0
CHB,persistence,6,2.770272536642072,4.517525280503176,41.23521943237395,0.4864675658184835,0.0010051573003469,2.770272536642072,4.517525280503176,41.23521943237395,0.4864675658184835,0.0010051573003469,0.0,0.0,0.0,0.0,0.0
CHB,persistence,12,3.4857988012275323,5.625157847803367,49.70586331775645,0.20379581978609754,0.0011490475168053,3.4857988012275323,5.625157847803367,49.70586331775645,0.20379581978609754,0.0011490475168053,0.0,0.0,0.0,0.0,0.0
CHB,persistence,24,4.018272809341258,6.488200953154697,55.10587081839317,-0.0589698764868376,0.0037211685654947,4.018272809341258,6.488200953154697,55.10587081839317,-0.0589698764868376,0.0037211685654947,0.0,0.0,0.0,0.0,0.0
CHB,persistence,48,4.61992623744121,7.296147553439499,60.81388323936515,-0.3378757271532677,0.0034844397414924,4.61992623744121,7.296147553439499,60.81388323936515,-0.3378757271532677,0.0034844397414924,0.0,0.0,0.0,0.0,0.0
CHB,seasonal_naive,1,4.018314010052365,6.489559613171364,55.0641820132616,-0.0598834771383587,0.0018669741532005998,4.018314010052365,6.489559613171364,55.0641820132616,-0.0598834771383587,0.0018669741532005998,0.0,0.0,0.0,0.0,0.0
CHB,seasonal_naive,6,4.018799194970214,6.488535120891079,55.089152556537876,-0.0594001122726337,0.0025734084144114,4.018799194970214,6.488535120891079,55.089152556537876,-0.0594001122726337,0.0025734084144114,0.0,0.0,0.0,0.0,0.0
CHB,seasonal_naive,12,4.018154835627857,6.488279163678103,55.08285211670909,-0.059288069448423,0.0022498996784815,4.018154835627857,6.488279163678103,55.08285211670909,-0.059288069448423,0.0022498996784815,0.0,0.0,0.0,0.0,0.0
CHB,seasonal_naive,24,4.018272809341258,6.488200953154697,55.10587081839317,-0.0589698764868376,0.0037211685654947,4.018272809341258,6.488200953154697,55.10587081839317,-0.0589698764868376,0.0037211685654947,0.0,0.0,0.0,0.0,0.0
CHB,seasonal_naive,48,4.61992623744121,7.296147553439499,60.81388323936515,-0.3378757271532677,0.0034844397414924,4.61992623744121,7.296147553439499,60.81388323936515,-0.3378757271532677,0.0034844397414924,0.0,0.0,0.0,0.0,0.0
CHB,timemixer,1,3.0812560119769916,4.8929287611116195,43.31877487184943,0.3968778749683185,-0.5197536249302334,3.256464438345078,5.056373932701826,44.9200454858611,0.3561548570606107,-0.04873084567889738,0.1752084263680862,0.16344517159020633,1.6012706140116748,-0.040723017907707826,0.47102277925133595
CHB,timemixer,6,3.385175869588315,5.303720734594371,46.52001594055643,0.2921287469782824,-0.35650425148866743,3.4692830313643954,5.365999647036444,47.42851828812276,0.2750776046877009,-0.15686595326745473,0.08410716177608046,0.062278912442073064,0.9085023475663263,-0.017051142290581467,0.1996382982212127
CHB,timemixer,12,3.578384258273702,5.582468318968485,48.64628731810391,0.21572499386766827,-0.2552180116666919,3.5962072478702973,5.536614641033823,49.11804715878396,0.2283072606471804,-0.20861868566977818,0.017822989596595118,-0.04585367793466233,0.4717598406800505,0.01258226677951213,0.046599325996913715
CHB,timemixer,24,3.7789044381551,5.919895899578559,51.09786640098223,0.1180416694318502,-0.5167535269326111,3.733359091297595,5.752068814099912,51.10795670069444,0.16706921397738367,-0.32839639275932914,-0.04554534685750511,-0.16782708547864633,0.010090299712210538,0.04902754454553347,0.18835713417328198
CHB,timemixer,48,3.9643307760887914,6.1558929929409905,53.20030467588604,0.04582218760209968,-0.19779004633948577,3.7593368365940107,5.803096402684313,52.06928371552615,0.15338412281871208,-0.44341172463763784,-0.20499393949478062,-0.35279659025667787,-1.1310209603598906,0.10756193521661239,-0.24562167829815207
CHB,xgboost,1,0.9796906018760876,1.8168101555649216,16.138736164965742,0.9169292185898656,0.041620950987625846,1.0493767038820665,1.9706404034325793,17.00474343784233,0.9022602031089143,0.0460475915426216,0.06968610200597891,0.15383024786765764,0.8660072728765869,-0.014669015480951342,0.004426640554995753
CHB,xgboost,6,2.6666734597672423,4.142565922958523,39.23015582608518,0.5681699521221418,0.23822777220967245,2.878671101518992,4.45592427962816,41.93506569782582,0.5003715560601998,0.13964745019642705,0.21199764175174973,0.31335835666963696,2.7049098717406395,-0.06779839606194205,-0.0985803220132454
CHB,xgboost,12,3.2141874163327024,4.9511821086093795,45.19772316890715,0.383156081880074,0.3373530947645297,3.356910198624732,5.102621891627024,47.52257773525844,0.34483869464018757,0.2405336177152909,0.1427227822920294,0.15143978301764438,2.3248545663512843,-0.038317387239886425,-0.0968194770492388
CHB,xgboost,24,3.646839566779383,5.535514166133128,50.12000973730055,0.22917995301574975,0.28687451969313477,3.7978780760796114,5.553160756101086,52.24241901311366,0.22423730679676215,0.3465159480190661,0.15103850930022844,0.017646589967958093,2.122409275813112,-0.004942646218987601,0.059641428325931334
CHB,xgboost,48,4.109102451643097,6.011630117031528,55.05926399714716,0.09171204680288277,0.43448373144375274,4.168453615547606,6.1246405565630235,55.7205887978953,0.057194176109569415,0.2887601760433106,0.05935116390450901,0.1130104395314957,0.6613248007481403,-0.03451787069331335,-0.14572355540044213
HP1,dlinear,1,0.8569959499620559,1.3635942981633238,14.558329948052005,0.9572168795705582,0.010125191862333457,0.868864102936868,1.382459966036437,14.52612572624679,0.9560287535531146,0.030189037534000894,0.01186815297481214,0.018865667873113168,-0.03220422180521609,-0.0011881260174436692,0.020063845671667437
HP1,dlinear,6,2.554509819621668,3.990740738215032,36.30326282159861,0.6309855327738187,0.06484448061978298,2.579975340284606,4.027292457097696,36.60960068373372,0.6241887286437746,-0.04182325687496562,0.025465520662938168,0.03655171888266384,0.30633786213510916,-0.006796804130044132,-0.1066677374947486
HP1,dlinear,12,3.113286491464051,4.915332603488968,42.305704967539576,0.43238562008200504,-0.027303264986563,3.1428935741834816,4.962724021631394,42.68793131902337,0.42138221628387235,-0.1235528831330168,0.0296070827194308,0.047391418142425756,0.38222635148379425,-0.011003403798132694,-0.0962496181464538
HP1,dlinear,24,3.504180330320061,5.537371808503297,46.497068670501086,0.2634244367629067,-0.04962037664125586,3.4829326434992174,5.543571953379963,46.40974673794096,0.26177567039494815,-0.2406937773776005,-0.021247686820843548,0.006200144876665981,-0.08732193256012977,-0.0016487663679585762,-0.19107340073634466
HP1,dlinear,48,3.7416886661091873,5.96786540671925,50.300599664317055,0.12038659141749049,-0.03691355447700622,3.725722804359832,5.9781374192918655,50.226900709052536,0.11736158154313744,-0.2807064612518835,-0.015965861749355437,0.010272012572615452,-0.07369895526451842,-0.0030250098743530435,-0.24379290677487725
HP1,hybrid,1,1.4856423228128548,2.6638431036774826,21.01508196103961,0.8364837174998867,0.35560585000312334,1.4888916102048462,2.599276903531416,21.955575723602642,0.8442709469861513,0.073480784906975,0.0032492873919913734,-0.06456620014606651,0.9404937625630332,0.007787229486264646,-0.2821250650961483
HP1,hybrid,6,3.493750634854572,5.680987319779064,45.36629684512582,0.2516961032673994,-0.47371224958725533,3.442584426546464,5.614685327900085,45.06497704637945,0.2695224326085278,-0.7007679242929525,-0.05116620830810792,-0.06630199187897912,-0.3013197987463698,0.017826329341128433,-0.2270556747056972
HP1,hybrid,12,3.7553370974243294,6.1880505375073875,47.92807699583737,0.09999371944123465,-0.6362636016601471,3.5654096356142366,5.820216817032206,46.716399890371214,0.20412770896141338,-0.6925450064950243,-0.1899274618100928,-0.3678337204751818,-1.2116771054661584,0.10413398952017873,-0.0562814048348772
HP1,hybrid,24,3.945420349443711,6.511583292821331,50.02298098618018,-0.01902999856102368,-0.5836660080564396,3.7222108115609096,6.051105833724717,48.50997926301992,0.12035396553272219,-0.5449420914887546,-0.22320953788280118,-0.4604774590966132,-1.513001723160258,0.13938396409374587,0.038723916567685035
HP1,hybrid,48,3.99275874893204,6.632489508979573,51.19645011711664,-0.08705589353686184,-0.6311990324217618,3.691879915186546,6.115253198175889,48.90749288002221,0.07639377797968869,-0.7480235115443066,-0.3008788337454944,-0.5172363108036837,-2.2889572370944293,0.16344967151655054,-0.11682447912254479
HP1,hybrid_static,1,1.5664509238067104,2.753659170518904,22.291299149649614,0.8253380777925432,0.5857317379648191,1.5838785515614848,2.6643589046406904,24.03567947927493,0.8363144984137,0.19491606428270714,0.017427627754774466,-0.08930026587821382,1.744380329625315,0.01097642062115678,-0.390815673682112
HP1,hybrid_static,6,3.590792849899276,5.781792086228136,46.843806335670784,0.22462198540832282,-0.2614291147170172,3.4692466391102244,5.654852691339623,45.431012807574,0.2589959879112623,-0.626705422678033,-0.12154621078905148,-0.12693939488851314,-1.4127935280967847,0.03437400250293951,-0.3652763079610158
HP1,hybrid_static,12,3.7959319240400675,6.257909019260429,48.67640848815516,0.07909987651177731,-0.4981023966267368,3.597160907110394,5.834963461776904,47.30541482096388,0.20001545951727406,-0.5008526406733651,-0.19877101692967347,-0.42294555748352547,-1.3709936671912786,0.12091558300549675,-0.002750244046628325
HP1,hybrid_static,24,3.9994612245997856,6.531192141912929,50.94165687242911,-0.025400873320363282,-0.28683895601555554,3.7830456014320837,6.019535655373764,49.50428575585307,0.12944579755486366,-0.19808452091520573,-0.2164156231677019,-0.5116564865391657,-1.4373711165760383,0.15484667087522694,0.0887544351003498
HP1,hybrid_static,48,4.007077458613217,6.586860162039121,51.37737994887998,-0.07221632964705316,-0.29315499406918366,3.6671443024097767,6.017968549255015,48.79057225016351,0.10554651374027527,-0.4378927750533611,-0.33993315620344067,-0.5688916127841068,-2.58680769871647,0.17776284338732842,-0.14473778098417744
HP1,lstm,1,1.1527764363264401,1.7506046544249003,19.564269681951323,0.9294689046489484,0.14806854399175856,1.1799453318040718,1.8936809959685785,19.60616243896087,0.9172719477455301,-0.021859234311007864,0.027168895477631683,0.1430763415436782,0.041892757009545534,-0.012196956903418266,-0.16992777830276642
HP1,lstm,6,2.5457217178339833,4.008804318161609,36.232596762224055,0.6275615527872376,0.020150369866917518,2.6327711450701132,4.300555456684968,36.75572604922978,0.5710386891645295,-0.17007831557085867,0.08704942723612996,0.29175113852335954,0.5231292870057231,-0.056522863622708086,-0.19022868543777618
HP1,lstm,12,3.0613325023763722,4.87791465305705,41.7697802941756,0.44092379492262435,-0.002766046003639311,3.1716916041046197,5.24340251386082,42.58910855277041,0.3537650753889864,-0.2724751214300582,0.11035910172824748,0.3654878608037704,0.8193282585948154,-0.08715871953363796,-0.26970907542641887
HP1,lstm,24,3.4751457438464035,5.462060565325787,46.30376796987638,0.2833016088771893,-0.011086554235011903,3.4505164955896026,5.61455720311345,45.95288634451263,0.24267624982515335,-0.25263937688852967,-0.024629248256800906,0.15249663778766287,-0.3508816253637548,-0.04062535905203596,-0.24155282265351777
HP1,lstm,48,3.7144442850877617,5.921766420421927,49.67655723482573,0.13388516657334343,-0.017103780136950457,3.5749261974617683,5.882130031885154,47.989271675037116,0.14546442828497072,-0.4498417450255682,-0.13951808762599338,-0.039636388536773204,-1.687285559788613,0.011579261711627292,-0.4327379648886177
HP1,persistence,1,0.8623758149012503,1.4312094183108897,13.89577022772662,0.9528896983536932,0.0056644401407535,0.8623758149012503,1.4312094183108897,13.89577022772662,0.9528896983536932,0.0056644401407535,0.0,0.0,0.0,0.0,0.0
HP1,persistence,6,2.727129764276833,4.375777648519587,39.11235594289639,0.5563486144395251,0.027840949386953,2.727129764276833,4.375777648519587,39.11235594289639,0.5563486144395251,0.027840949386953,0.0,0.0,0.0,0.0,0.0
HP1,persistence,12,3.473637948850341,5.599718855454935,47.36699611858239,0.2633237197949915,0.05763844418517859,3.473637948850341,5.599718855454935,47.36699611858239,0.2633237197949915,0.05763844418517859,0.0,0.0,0.0,0.0,0.0
HP1,persistence,24,3.9901839715785767,6.550349371810684,52.29893740953221,-0.0307100317862374,0.11443191343697182,3.9901839715785767,6.550349371810684,52.29893740953221,-0.0307100317862374,0.11443191343697182,0.0,0.0,0.0,0.0,0.0
HP1,persistence,48,4.57187778431019,7.534500005318405,57.84754337785067,-0.40201469727598516,0.181127847679753,4.57187778431019,7.534500005318405,57.84754337785067,-0.40201469727598516,0.181127847679753,0.0,0.0,0.0,0.0,0.0
HP1,seasonal_naive,1,4.011627709073224,6.588753438992201,52.013310067066286,0.0015736692790533,0.1203331465062566,4.011627709073224,6.588753438992201,52.013310067066286,0.0015736692790533,0.1203331465062566,0.0,0.0,0.0,0.0,0.0
HP1,seasonal_naive,6,4.003720645533183,6.576687204069363,52.064208300084246,-0.0021799838691227,0.1265820582165218,4.003720645533183,6.576687204069363,52.064208300084246,-0.0021799838691227,0.1265820582165218,0.0,0.0,0.0,0.0,0.0
HP1,seasonal_naive,12,3.9978742384817054,6.56593123761369,52.129997717829454,-0.0128308030475934,0.1304834955198808,3.9978742384817054,6.56593123761369,52.129997717829454,-0.0128308030475934,0.1304834955198808,0.0,0.0,0.0,0.0,0.0
HP1,seasonal_naive,24,3.9901839715785767,6.550349371810684,52.29893740953221,-0.0307100317862374,0.11443191343697182,3.9901839715785767,6.550349371810684,52.29893740953221,-0.0307100317862374,0.11443191343697182,0.0,0.0,0.0,0.0,0.0
HP1,seasonal_naive,48,4.57187778431019,7.534500005318405,57.84754337785067,-0.40201469727598516,0.181127847679753,4.57187778431019,7.534500005318405,57.84754337785067,-0.40201469727598516,0.181127847679753,0.0,0.0,0.0,0.0,0.0
HP1,timemixer,1,3.265594373169866,5.267429625147793,43.35775961554181,0.3613168879006371,-0.3465638998142258,3.2740065722568326,5.348187932984895,43.130037464946774,0.3420746282270172,-0.5759465613399443,0.008412199086966776,0.08075830783710192,-0.2277221505950351,-0.01924225967361992,-0.22938266152571846
HP1,timemixer,6,3.6089607602766653,5.847806268204233,46.92240850590139,0.20703626454405882,-0.34016788225790806,3.4692466391102244,5.654852691339623,45.431012807574,0.2589959879112623,-0.626705422678033,-0.139714121166441,-0.19295357686461045,-1.4913956983273877,0.0519597233672035,-0.2865375404201249
HP1,timemixer,12,3.7959319240400675,6.257909019260429,48.67640848815516,0.07909987651177731,-0.4981023966267368,3.597160907110394,5.834963461776904,47.30541482096388,0.20001545951727406,-0.5008526406733651,-0.19877101692967347,-0.42294555748352547,-1.3709936671912786,0.12091558300549675,-0.002750244046628325
HP1,timemixer,24,4.000865851165822,6.542545294750977,50.951690409484016,-0.02900349160372488,-0.32586569878844507,3.7830456014320837,6.019535655373764,49.50428575585307,0.12944579755486366,-0.19808452091520573,-0.2178202497337387,-0.5230096393772135,-1.4474046536309473,0.15844928915858852,0.12778117787323934
HP1,timemixer,48,4.007077458613217,6.586860162039121,51.37737994887998,-0.07221632964705316,-0.29315499406918366,3.6671443024097767,6.017968549255015,48.79057225016351,0.10554651374027527,-0.4378927750533611,-0.33993315620344067,-0.5688916127841068,-2.58680769871647,0.17776284338732842,-0.14473778098417744
HP1,xgboost,1,0.8191986345133497,1.359755485119282,13.364707862135603,0.9574754961857638,0.04192493099696334,0.855412998137288,1.409884304138442,13.890527660233108,0.9542819959193881,0.03495795825717382,0.03621436362393826,0.05012881901916,0.5258197980975048,-0.0031935002663756595,-0.006966972739789516
HP1,xgboost,6,2.682676692247391,4.1565478000587275,37.64015648151575,0.5996805133475049,0.3224813717380931,2.794765045396601,4.390851353526385,38.83720548129597,0.5532526599764063,0.22034055755613272,0.11208835314921028,0.2343035534676572,1.1970489997802147,-0.04642785337109867,-0.10214081418196039
HP1,xgboost,12,3.410507464437759,5.154887760115609,45.369892453568845,0.37570388984699044,0.4824429682231292,3.490039815230536,5.3940553277970285,46.120270076488694,0.316396080103501,0.26763477266055113,0.07953235079277698,0.23916756768141934,0.7503776229198493,-0.059307809743489426,-0.21480819556257807
HP1,xgboost,24,3.868867153404185,5.900502734139501,49.74364343176844,0.16364381093004599,0.6615487862646703,3.7720051142053195,5.809109955060003,49.421219941861374,0.18933376616380934,0.3924049691277608,-0.09686203919886571,-0.09139277907949772,-0.3224234899070666,0.025689955233763356,-0.2691438171369095
HP1,xgboost,48,4.46250599352633,6.6724524896030655,55.498984841182406,-0.09955426800108572,1.1356958888311406,4.1709749617375875,6.45796157924931,53.16616008739054,-0.03000828819306788,0.46033145855633384,-0.2915310317887423,-0.21449091035375556,-2.3328247537918685,0.06954597980801784,-0.6753644302748067
KC1,dlinear,1,0.9624293495125531,1.6400189341728038,14.189564980213376,0.9540838989375906,0.0374977689995241,0.9662234568884809,1.6510537884705514,14.32815691056257,0.953459251663413,0.02145519270562744,0.00379410737592778,0.011034854297747643,0.13859193034919315,-0.0006246472741775477,-0.016042576293896663
KC1,dlinear,6,2.912076294787105,4.591523884256597,36.72629565536393,0.6398856794671322,0.040783590882871625,2.944690011336094,4.649195183132708,37.03914932583383,0.6307864083361443,-0.11968317145243657,0.032613716548989036,0.057671298876110555,0.31285367046990586,-0.009099271130987852,-0.16046676233530818
KC1,dlinear,12,3.5689830624191403,5.676474467945207,43.01112065932331,0.4484951374223248,-0.13427711802217784,3.6271516420363548,5.8113473879886195,43.63258836779921,0.42197008360159477,-0.42993590752968014,0.058168579617214444,0.13487292004341267,0.6214677084758975,-0.026525053820730005,-0.2956587895075023
KC1,dlinear,24,4.096035232089081,6.477080856411092,48.066858707174234,0.28113622083143086,-0.16286042197264045,4.086999818200578,6.542948479187068,48.05906937012562,0.26644160157155294,-0.5227178557613084,-0.00903541388850293,0.06586762277597558,-0.0077893370486137314,-0.014694619259877917,-0.3598574337886679
KC1,dlinear,48,4.494357472389668,7.077896554308781,52.79297579143018,0.14272970978395386,-0.31011352473009357,4.421429811514879,7.128882315101288,51.78596380294575,0.13028693382742107,-0.7336965959560431,-0.07292766087478864,0.05098576079250705,-1.0070119884844289,-0.012442775956532787,-0.4235830712259495
KC1,hybrid,1,1.6407256962267271,2.96800743397639,20.469212121259556,0.8492262233614618,0.3628321491881747,1.7081297614449653,2.9801584258189266,22.689630975660606,0.8475430792768229,0.09302904072314218,0.06740406521823816,0.012150991842536651,2.22041885440105,-0.0016831440846388768,-0.2698031084650325
KC1,hybrid,6,3.5165909285510963,5.649510618569087,42.762588527127676,0.454722121805953,-0.5240757479658661,3.936241969107452,6.4124457220000295,45.88789600850346,0.29669804166074065,-0.9553951982437956,0.4196510405563556,0.7629351034309426,3.125307481375785,-0.15802408014521235,-0.4313194502779295
KC1,hybrid,12,4.048433957514845,6.644954752063586,47.43841593654538,0.24412900823969025,-0.9015172160049119,4.1911699799358475,6.808109105691898,48.60861269116814,0.20659905302029208,-0.9616142302592872,0.14273602242100214,0.163154353628312,1.1701967546227579,-0.03752995521939817,-0.0600970142543753
KC1,hybrid,24,4.291001833288508,6.997865377403936,49.60327688665014,0.16085865017902556,-0.8939070192844382,4.352084996648124,7.084221774015154,50.098392578472236,0.1399525619908365,-1.0037878015779602,0.06108316335961561,0.08635639661121797,0.49511569182209314,-0.020906088188189065,-0.10988078229352205
KC1,hybrid,48,4.392910566803797,7.234638652349185,50.66695465969961,0.1043413433465021,-1.0109309658880457,4.404077631963711,7.253111426257414,50.74532492842248,0.09973521525292162,-1.0626734019574642,0.011167065159913392,0.0184727739082291,0.07837026872286401,-0.004606128093580478,-0.05174243606941853
KC1,hybrid_static,1,1.7174022291781772,3.0418041613359796,21.55969820189283,0.8416684588758775,0.5695885356145507,1.8027956472207396,3.049090958888811,24.382495379593127,0.8404828320272344,0.2633678885257711,0.0853934180425624,0.007286797552831459,2.8227971777002985,-0.0011856268486430954,-0.3062206470887796
KC1,hybrid_static,6,3.611674155820944,5.716458736260514,43.980676866050814,0.4416834782467691,-0.2535811343791714,3.9711816110594413,6.477646869342607,46.355838378413885,0.28215257555214024,-0.9084630708024767,0.35950745523849736,0.7611881330820927,2.3751615123630714,-0.15953090269462888,-0.6548819364233053
KC1,hybrid_static,12,4.173576677345464,6.8172356593307395,48.979277512671516,0.2042161174777725,-0.6993021104311644,4.2584651090507055,6.866360814995524,49.657233758320686,0.1928384636769098,-0.7725513861347194,0.08488843170524163,0.04912515566478426,0.6779562456491703,-0.011377653800862697,-0.073249275703555
KC1,hybrid_static,24,4.414237802449495,7.156008598695661,51.176623766290795,0.12232748093494299,-0.6462655829868181,4.412344543501244,7.131632260022357,51.206586588014304,0.12833212602397776,-0.8127623949810847,-0.0018932589482512086,-0.0243763386733038,0.02996282172350817,0.006004645089034769,-0.16649681199426658
KC1,hybrid_static,48,4.504099515182383,7.358507758492237,52.05248358772481,0.07326063998774532,-0.7013918695472258,4.4310200741166925,7.240704204189778,51.51476872390691,0.1027473818304158,-0.834703577032388,-0.07307944106569053,-0.11780355430245937,-0.5377148638178966,0.029486741842670486,-0.1333117074851622
KC1,lstm,1,1.1769904801361415,1.8821348599412988,17.672587887350176,0.939507549178922,-0.17402950486697372,1.3245520827920967,2.2067093092389776,19.405715134751368,0.9168356346007502,0.04307190602564942,0.1475616026559552,0.32457444929767876,1.7331272474011925,-0.022671914578171748,0.21710141089262314
KC1,lstm,6,2.792808665299182,4.498759177399796,35.30848477336074,0.654032532405274,-0.12870553517126818,2.9234597140946454,4.726944412369706,36.464511098272474,0.6181710354370744,-0.12723216477606006,0.13065104879546352,0.22818523496991006,1.1560263249117355,-0.035861496968199624,0.0014733703952081179
KC1,lstm,12,3.4574416178859777,5.573603295580375,41.60495907504138,0.4679103642033328,-0.1205100999013056,3.5572891196907683,5.737806187318012,42.763191220944655,0.4363349713915081,-0.40925239242454714,0.09984750180479063,0.16420289173763702,1.158232145903277,-0.0315753928118247,-0.2887422925232416
KC1,lstm,24,3.9807485589824836,6.433936080718992,46.42873075539236,0.29049917110782597,-0.3790172101141096,3.993972016478577,6.390760416227991,47.31475050186391,0.30013913695011674,-0.4530385309406932,0.013223457496093438,-0.04317566449100063,0.886019746471554,0.009639965842290765,-0.07402132082658358
KC1,lstm,48,4.250230831366392,6.961721586958032,49.32962605387826,0.17051200370816708,-0.6654466514380974,4.302670307617709,6.9935203527713625,50.12930960537888,0.16289463871084178,-0.6587983178634312,0.052439476251317174,0.0317987658133303,0.7996835515006211,-0.007617364997325293,0.00664833357466621
KC1,persistence,1,0.9733901015105054,1.7130257352942793,13.80244276775026,0.949905967870437,-4.5117552158960605e-05,0.9733901015105054,1.7130257352942793,13.80244276775026,0.949905967870437,-4.5117552158960605e-05,0.0,0.0,0.0,0.0,0.0
KC1,persistence,6,3.086901224908956,5.039084493073921,39.09600049201972,0.5662694255143306,0.0043700145799216,3.086901224908956,5.039084493073921,39.09600049201972,0.5662694255143306,0.0043700145799216,0.0,0.0,0.0,0.0,0.0
KC1,persistence,12,3.9169695889372904,6.426817028972725,47.12096598385208,0.2930628804397573,0.0138731237310908,3.9169695889372904,6.426817028972725,47.12096598385208,0.2930628804397573,0.0138731237310908,0.0,0.0,0.0,0.0,0.0
KC1,persistence,24,4.5122797323845605,7.485339864678923,51.91865735334265,0.0399172164354558,0.0194092395953619,4.5122797323845605,7.485339864678923,51.91865735334265,0.0399172164354558,0.0194092395953619,0.0,0.0,0.0,0.0,0.0
KC1,persistence,48,5.230411067474785,8.594872936443728,58.13852925727347,-0.2640995060219713,0.0013695362832456,5.230411067474785,8.594872936443728,58.13852925727347,-0.2640995060219713,0.0013695362832456,0.0,0.0,0.0,0.0,0.0
KC1,seasonal_naive,1,4.516521381123275,7.49034921207596,51.925143052083136,0.0422275374575255,-0.0168436505984796,4.516521381123275,7.49034921207596,51.925143052083136,0.0422275374575255,-0.0168436505984796,0.0,0.0,0.0,0.0,0.0
KC1,seasonal_naive,6,4.522643999211917,7.4998631826231605,51.96997930129781,0.0392211414069537,-0.0013047841125761,4.522643999211917,7.4998631826231605,51.96997930129781,0.0392211414069537,-0.0013047841125761,0.0,0.0,0.0,0.0,0.0
KC1,seasonal_naive,12,4.517472987594877,7.490268549588572,51.95203854412917,0.0397513791180005,0.013576185199639,4.517472987594877,7.490268549588572,51.95203854412917,0.0397513791180005,0.013576185199639,0.0,0.0,0.0,0.0,0.0
KC1,seasonal_naive,24,4.5122797323845605,7.485339864678923,51.91865735334265,0.0399172164354558,0.0194092395953619,4.5122797323845605,7.485339864678923,51.91865735334265,0.0399172164354558,0.0194092395953619,0.0,0.0,0.0,0.0,0.0
KC1,seasonal_naive,48,5.230411067474785,8.594872936443728,58.13852925727347,-0.2640995060219713,0.0013695362832456,5.230411067474785,8.594872936443728,58.13852925727347,-0.2640995060219713,0.0013695362832456,0.0,0.0,0.0,0.0,0.0
KC1,timemixer,1,3.421007791659787,5.664415478667385,41.38775836970783,0.45190875425467586,-0.9004739369301002,3.8481622886830693,6.203446911830387,44.99898088542242,0.3428517661278401,-0.7474554749117944,0.42715449702328234,0.539031433163002,3.611222515714587,-0.10905698812683579,0.15301846201830582
KC1,timemixer,6,3.8202291370635684,6.275094495857969,45.28612408324143,0.3270871564860152,-0.7927863688319909,4.046838513589082,6.610566998785018,46.975939400536205,0.25342587647929127,-0.9318352827936099,0.22660937652551327,0.33547250292704867,1.689815317294773,-0.07366128000672395,-0.139048913961619
KC1,timemixer,12,4.173576677345464,6.8172356593307395,48.979277512671516,0.2042161174777725,-0.6993021104311644,4.2584651090507055,6.866360814995524,49.657233758320686,0.1928384636769098,-0.7725513861347194,0.08488843170524163,0.04912515566478426,0.6779562456491703,-0.011377653800862697,-0.073249275703555
KC1,timemixer,24,4.414237802449495,7.156008598695661,51.176623766290795,0.12232748093494299,-0.6462655829868181,4.412344543501244,7.131632260022357,51.206586588014304,0.12833212602397776,-0.8127623949810847,-0.0018932589482512086,-0.0243763386733038,0.02996282172350817,0.006004645089034769,-0.16649681199426658
KC1,timemixer,48,4.504099515182383,7.358507758492237,52.05248358772481,0.07326063998774532,-0.7013918695472258,4.4310200741166925,7.240704204189778,51.51476872390691,0.1027473818304158,-0.834703577032388,-0.07307944106569053,-0.11780355430245937,-0.5377148638178966,0.029486741842670486,-0.1333117074851622
KC1,xgboost,1,0.9112873583673281,1.6313579768947861,13.068951770029475,0.9545684663934002,0.0198500095728737,0.9725214066948702,1.7334002778843949,13.818688428058422,0.9487049763336284,0.0052241258650488,0.06123404832754209,0.10204230098960876,0.7497366580289473,-0.005863490059771825,-0.014625883707824902
KC1,xgboost,6,2.9227030156902423,4.721181408491136,36.355753458999615,0.6192595071796381,0.2155106417606067,3.1790836666746687,5.122754718589146,39.267741473646915,0.5517356384218749,0.1781943144785353,0.2563806509844264,0.40157331009801034,2.9119880146472994,-0.06752386875776317,-0.037316327282071404
KC1,xgboost,12,3.7041616524661984,5.857003461133459,44.04210096052991,0.41285460423721004,0.2945634680340604,3.951981213452437,6.201595663621098,46.71280734992466,0.3417409441668313,0.23305715464484997,0.24781956098623859,0.34459220248763867,2.670706389394752,-0.07111366007037873,-0.06150631338921045
KC1,xgboost,24,4.247208464409398,6.668371195484423,48.80856122363846,0.23804085513617093,0.26537618412551794,4.475360790547273,6.935061351751782,51.43025721815411,0.17587567468543575,0.16866389224282727,0.2281523261378755,0.2666901562673587,2.6216959945156475,-0.062165180450735186,-0.09671229188269068
KC1,xgboost,48,4.659343912991517,7.15248807164414,52.740728591924984,0.1245570307778461,0.386662958930062,4.826245989454883,7.344392396024328,54.562875834862005,0.07694165914399224,0.41259230665353497,0.16690207646336574,0.19190432438018767,1.822147242937021,-0.04761537163385386,0.025929347723472995
MY1,dlinear,1,2.925639992472924,4.225297794998978,31.037348441427532,0.7322665789206153,0.02798984556191656,2.8876323889969595,4.136868092979775,30.604597960006345,0.7433567240897916,-0.03290863866941774,-0.03800760347596466,-0.0884297020192033,-0.43275048142118777,0.01109014516917628,-0.0608984842313343
MY1,dlinear,6,4.2307936324262,5.959416017226821,40.27771649878399,0.4675842410934923,0.0347784794454277,4.18942139958829,5.9490436810514336,39.98277963870015,0.469435236227553,-0.2915103078120119,-0.041372232837909806,-0.010372336175387353,-0.2949368600838369,0.001850995134060729,-0.32628878725743965
MY1,dlinear,12,4.608089606773245,6.651779351733903,42.32878336116857,0.33592614443562197,-0.002680370615339894,4.599201145130641,6.711798536926551,42.35297294157011,0.3238750913979786,-0.50887712160441,-0.008888461642603929,0.06001918519264837,0.024189580401539956,-0.012051053037643367,-0.5061967509890701
MY1,dlinear,24,4.942611987696909,7.175141229898548,44.478666585262786,0.22540329580900514,-0.03255126895217188,4.9052208761532174,7.241080665060144,44.37900216549707,0.21109590569651077,-0.6906945466785155,-0.037391111543691125,0.06593943516159584,-0.09966441976571616,-0.014307390112494378,-0.6581432777263436
MY1,dlinear,48,5.283049879631628,7.665134948409611,47.48430338267765,0.11614568204658389,0.12036524233697388,5.185405705148044,7.788494852995965,46.88347810265839,0.08747143356141754,-0.9462173449400589,-0.09764417448358387,0.12335990458635315,-0.600825280019265,-0.02867424848516635,-1.0665825872770327
MY1,hybrid,1,3.8227251851638826,5.476569487777123,37.10550681551227,0.5501763565217246,-0.5013303840498953,3.9791673522511957,5.730741378998154,38.298606064394356,0.5040860830317073,-0.4418510933647453,0.15644216708731307,0.2541718912210307,1.1930992488820849,-0.046090273490017264,0.059479290685149955
MY1,hybrid,6,4.73297113995662,7.041244787560754,43.259342124676394,0.25661718631087765,-0.8705269211098962,4.850700427712431,7.269738529608382,43.83156374407491,0.2073075189050014,-0.7334939440295918,0.11772928775581093,0.22849374204762807,0.572221619398519,-0.04930966740587625,0.13703297708030437
MY1,hybrid,12,4.957899128845575,7.488965931940609,44.77311633301997,0.15783006722324555,-0.9604162533274503,5.029688766617825,7.558837976435276,45.160196931005835,0.14237898816576539,-0.809371723550224,0.07178963777225,0.06987204449466677,0.38708059798586447,-0.015451079057480166,0.15104452977722627
MY1,hybrid,24,5.115709858659725,7.75464502909233,45.75060910586382,0.09481810203975807,-0.8417081950779451,5.164846435062085,7.773899258543925,46.03841202600655,0.09039455686592382,-0.6927260090274062,0.049136576402359466,0.019254229451594718,0.2878029201427239,-0.0044235451738342535,0.14898218605053892
MY1,hybrid,48,5.1831214195867705,7.927479738873065,46.36609760163914,0.05392382328508638,-0.993474890685872,5.211163953070033,7.860753696067346,46.58496141866029,0.07025410531597706,-0.7712445756837945,0.028042533483262133,-0.06672604280571903,0.21886381702115187,0.01633028203089068,0.22223031500207757
MY1,hybrid_static,1,3.906701820098399,5.534213884665975,37.950225174939625,0.5406581015524818,-0.31615749929909975,4.086902241969958,5.802550354890803,39.387446197640166,0.49189111784387346,-0.19486153218661212,0.18020042187155916,0.26833647022482765,1.437221022700541,-0.04876698370860838,0.12129596711248763
MY1,hybrid_static,6,4.832819568101053,7.12127219322421,44.1407819802358,0.2395919499029735,-0.7164753171063578,4.915272906379144,7.313029828684786,44.47751827298474,0.1977166737581556,-0.5441569006137055,0.08245333827809098,0.19175763546057567,0.3367362927489381,-0.0418752761448179,0.17231841649265234
MY1,hybrid_static,12,5.0337496588361565,7.5554882276523925,45.51740756793642,0.1424366907355439,-0.8542022368130079,5.092325623488458,7.599349787388171,45.83180787227461,0.1331308111556712,-0.6317127509691356,0.058575964652301415,0.04386155973577832,0.3144003043381929,-0.009305879579872695,0.2224894858438723
MY1,hybrid_static,24,5.156039912158744,7.745141488920666,46.263339841658194,0.0969586744043893,-0.6210017076795908,5.213708754544714,7.764300299027984,46.63993566405401,0.0925843119289904,-0.4038365967765524,0.057668842385970365,0.019158810107318125,0.3765958223958137,-0.0043743624753988936,0.21716511090303842
MY1,hybrid_static,48,5.165868912494404,7.881698457200005,46.419313029892244,0.06491890552544421,-0.8925222367459273,5.258404873255632,7.845320122035416,47.17367754782616,0.0738787797947794,-0.4898161787605371,0.09253596076122772,-0.03637833516458944,0.7543645179339151,0.008959874269335186,0.4027060579853902
MY1,lstm,1,2.9715060311827894,4.13137582401816,31.083469367447737,0.7440190705028098,0.2244962622378134,3.101688035853675,4.4181660863442875,31.849754488868058,0.7071516168092011,0.09405685075903389,0.13018200467088548,0.2867902623261278,0.7662851214203208,-0.036867453693608665,-0.13043941147877952
MY1,lstm,6,4.095969783174361,5.784850866306925,39.228077738768185,0.4982699655308435,0.1133289638057964,4.172315527171611,6.008291715142944,39.47428383578431,0.45873311521192867,-0.03335477241875086,0.07634574399724947,0.22344084883601845,0.2462060970161275,-0.03953685031891485,-0.14668373622454728
MY1,lstm,12,4.529293515163475,6.523300039561351,41.9903744985447,0.36130241379299133,0.06539876291615036,4.611934271623148,6.674948184860673,42.56203613654938,0.33125325629443353,-0.14724942034367142,0.08264075645967317,0.1516481452993217,0.5716616380046773,-0.0300491574985578,-0.21264818325982177
MY1,lstm,24,4.861867515360453,7.148047092188607,43.991291231307464,0.23123624663533252,-0.11516578169952836,4.8531746390298975,7.040897537412943,44.22195976135458,0.2541109648931381,-0.21412242226454126,-0.008692876330555599,-0.10714955477566424,0.23066853004711874,0.0228747182578056,-0.0989566405650129
MY1,lstm,48,5.1496910103677465,7.624377169419645,46.250161402073374,0.12552358311519288,-0.3096511908720588,5.183450561375086,7.566777723924024,46.76665408698922,0.13865755696479234,-0.36119519364979275,0.033759551007339184,-0.05759944549562146,0.5164926849158462,0.013133973849599467,-0.051544002777733966
MY1,persistence,1,2.981382738318424,4.388762539797326,31.752749228943365,0.7111518442621014,-0.0017171259250675,2.981382738318424,4.388762539797326,31.752749228943365,0.7111518442621014,-0.0017171259250675,0.0,0.0,0.0,0.0,0.0
MY1,persistence,6,4.778400361404161,6.827900955467984,46.95545939180634,0.3010981116227509,0.0075915048928267,4.778400361404161,6.827900955467984,46.95545939180634,0.3010981116227509,0.0075915048928267,0.0,0.0,0.0,0.0,0.0
MY1,persistence,12,5.471336044646975,7.989877708909434,51.29541778607429,0.0418788501194701,0.0326253955390083,5.471336044646975,7.989877708909434,51.29541778607429,0.0418788501194701,0.0326253955390083,0.0,0.0,0.0,0.0,0.0
MY1,persistence,24,5.7602801626221325,8.583260177276376,52.68552813127853,-0.10845624248704251,0.0525530954938208,5.7602801626221325,8.583260177276376,52.68552813127853,-0.10845624248704251,0.0525530954938208,0.0,0.0,0.0,0.0,0.0
MY1,persistence,48,6.493523121114452,9.646922536743784,57.1072552744158,-0.3999442132121813,0.0868504294296545,6.493523121114452,9.646922536743784,57.1072552744158,-0.3999442132121813,0.0868504294296545,0.0,0.0,0.0,0.0,0.0
MY1,seasonal_naive,1,5.743786714813727,8.56810973258756,52.45292753258271,-0.1009192663790239,-0.0493447806923517,5.743786714813727,8.56810973258756,52.45292753258271,-0.1009192663790239,-0.0493447806923517,0.0,0.0,0.0,0.0,0.0
MY1,seasonal_naive,6,5.747446904601345,8.574967040425506,52.47661103384737,-0.10231751325583112,-0.0318572072626183,5.747446904601345,8.574967040425506,52.47661103384737,-0.10231751325583112,-0.0318572072626183,0.0,0.0,0.0,0.0,0.0
MY1,seasonal_naive,12,5.750248531352363,8.579176499788007,52.53387873594985,-0.104666968594431,0.0038409400487236,5.750248531352363,8.579176499788007,52.53387873594985,-0.104666968594431,0.0038409400487236,0.0,0.0,0.0,0.0,0.0
MY1,seasonal_naive,24,5.7602801626221325,8.583260177276376,52.68552813127853,-0.10845624248704251,0.0525530954938208,5.7602801626221325,8.583260177276376,52.68552813127853,-0.10845624248704251,0.0525530954938208,0.0,0.0,0.0,0.0,0.0
MY1,seasonal_naive,48,6.493523121114452,9.646922536743784,57.1072552744158,-0.3999442132121813,0.0868504294296545,6.493523121114452,9.646922536743784,57.1072552744158,-0.3999442132121813,0.0868504294296545,0.0,0.0,0.0,0.0,0.0
MY1,timemixer,1,4.661549436180397,6.900887979000165,42.624430895458964,0.285606116317934,-0.6418549998233181,4.762032359461412,7.19078318280212,43.23161693084745,0.22408454276296333,-0.8046735114966157,0.1004829232810156,0.28989520380195444,0.6071860353884873,-0.06152157355497065,-0.16281851167329764
MY1,timemixer,6,4.90903242998246,7.33977137805533,44.50312254358867,0.19198949819778494,-0.8953652883066185,4.947216988309605,7.381486609541942,44.62117119184354,0.18295275917979675,-0.5563159901671317,0.038184558327144735,0.04171523148661205,0.11804864825487016,-0.009036739017988182,0.3390492981394868
MY1,timemixer,12,5.043339949220324,7.56474323783321,45.562800100342386,0.14039265459100303,-0.798135274039961,5.076646658911512,7.607331421477386,45.64418187604086,0.13129443321182382,-0.7106877374956093,0.0333067096911881,0.042588183644175714,0.08138177569847471,-0.009098221379179205,0.08744753654435167
MY1,timemixer,24,5.129848197752461,7.7087300348031125,45.98777491174084,0.10537301816993268,-0.5981874528498979,5.190944863858396,7.811046540158486,46.395514163935175,0.08149900676263454,-0.6718644407422522,0.06109666610593578,0.10231650535537362,0.4077392521943324,-0.02387401140729814,-0.07367698789235422
MY1,timemixer,48,5.189727686613435,7.880272401978021,46.54927256550007,0.06529687019274968,-0.7208703809688385,5.250822537075164,7.850000144902832,47.080389580106754,0.07273908787139091,-0.511314183236569,0.061094850461729244,-0.030272257075189657,0.5311170146066857,0.0074422176786412275,0.20955619773226952
MY1,xgboost,1,2.7911482120556794,3.987827398259023,29.109872003486778,0.7615162832905382,-0.0306090401725105,2.875449462621609,4.068765457673573,29.932681328549695,0.7517360057111349,0.0755493724475443,0.08430125056592974,0.0809380594145499,0.8228093250629165,-0.009780277579403363,0.10615841262005479
MY1,xgboost,6,4.189296533984401,5.916046940718209,39.72082824460698,0.47529671099777315,0.23981988502367554,4.419293536133106,6.210624671520426,41.42605763755812,0.4217412961861407,0.4596319167510557,0.22999700214870433,0.2945777308022173,1.7052293929511393,-0.05355541481163245,0.21981203172738015
MY1,xgboost,12,4.793464169962827,6.8321421902910755,43.69525210533582,0.2993857276764314,0.5239891014037712,4.9956355528194765,7.0567781490833665,45.202625713775525,0.25258623506209144,0.5097160333683197,0.20217138285664937,0.22463595879229104,1.507373608439707,-0.046799492614339966,-0.014273068035451475
MY1,xgboost,24,5.19372993990624,7.432674028504904,45.971809419612256,0.1687796718673825,0.601539822085325,5.235767631058342,7.430594645524309,47.175845437755314,0.1692626557601826,0.1932533758121866,0.04203769115210143,-0.002079382980594957,1.2040360181430572,0.000482983892800104,-0.40828644627313837
MY1,xgboost,48,5.635141567491699,8.349926639287926,48.56330475494955,-0.048948257532204,0.4552718842083439,5.66242626102004,8.301261035160497,49.49622554199679,-0.036721335632293114,0.1306125295485407,0.027284693528341286,-0.04866560412742871,0.9329207870472445,0.012226921899910884,-0.3246593546598032
